course_id	course_slug	course_title	domain	level	artifact_role	source_classification	source_repo	source_path	source_sequence	source_parent	language_variant	title	visibility	status
data-science	data-science	Data Science	Data & Computing	Beginner	assignment	ASSIGNMENT	data-science-for-beginners	1-Introduction/01-defining-data-science/assignment.md	1.01	01-defining-data-science		Assignment: Data Science Scenarios	student	canonical-source
data-science	data-science	Data Science	Data & Computing	Beginner	lesson	LESSON	data-science-for-beginners	1-Introduction/01-defining-data-science/README.md	1.01	01-defining-data-science		Defining Data Science	student	canonical-source
data-science	data-science	Data Science	Data & Computing	Beginner	solution	SOLUTION	data-science-for-beginners	1-Introduction/01-defining-data-science/solution/assignment.md	1.01	solution		Assignment: Data Science Scenarios	support	canonical-source
data-science	data-science	Data Science	Data & Computing	Beginner	assignment	ASSIGNMENT	data-science-for-beginners	1-Introduction/02-ethics/assignment.md	1.02	02-ethics		assignment	student	canonical-source
data-science	data-science	Data Science	Data & Computing	Beginner	lesson	LESSON	data-science-for-beginners	1-Introduction/02-ethics/README.md	1.02	02-ethics		Introduction to Data Ethics	student	canonical-source
data-science	data-science	Data Science	Data & Computing	Beginner	assignment	ASSIGNMENT	data-science-for-beginners	1-Introduction/03-defining-data/assignment.md	1.03	03-defining-data		Classifying Datasets	student	canonical-source
data-science	data-science	Data Science	Data & Computing	Beginner	lesson	LESSON	data-science-for-beginners	1-Introduction/03-defining-data/README.md	1.03	03-defining-data		Defining Data	student	canonical-source
data-science	data-science	Data Science	Data & Computing	Beginner	assignment	ASSIGNMENT	data-science-for-beginners	1-Introduction/04-stats-and-probability/assignment.md	1.04	04-stats-and-probability		Small Diabetes Study	student	canonical-source
data-science	data-science	Data Science	Data & Computing	Beginner	lesson	LESSON	data-science-for-beginners	1-Introduction/04-stats-and-probability/README.md	1.04	04-stats-and-probability		A Brief Introduction to Statistics and Probability	student	canonical-source
data-science	data-science	Data Science	Data & Computing	Beginner	module	MODULE	data-science-for-beginners	1-Introduction/README.md	1	1-Introduction		Introduction to Data Science	student	canonical-source
data-science	data-science	Data Science	Data & Computing	Beginner	assignment	ASSIGNMENT	data-science-for-beginners	2-Working-With-Data/05-relational-databases/assignment.md	2.05	05-relational-databases		Displaying airport data	student	canonical-source
data-science	data-science	Data Science	Data & Computing	Beginner	lesson	LESSON	data-science-for-beginners	2-Working-With-Data/05-relational-databases/README.md	2.05	05-relational-databases		Working with Data: Relational Databases	student	canonical-source
data-science	data-science	Data Science	Data & Computing	Beginner	assignment	ASSIGNMENT	data-science-for-beginners	2-Working-With-Data/06-non-relational/assignment.md	2.06	06-non-relational		Soda Profits	student	canonical-source
data-science	data-science	Data Science	Data & Computing	Beginner	lesson	LESSON	data-science-for-beginners	2-Working-With-Data/06-non-relational/README.md	2.06	06-non-relational		Working with Data: Non-Relational Data	student	canonical-source
data-science	data-science	Data Science	Data & Computing	Beginner	assignment	ASSIGNMENT	data-science-for-beginners	2-Working-With-Data/07-python/assignment.md	2.07	07-python		Assignment for Data Processing in Python	student	canonical-source
data-science	data-science	Data Science	Data & Computing	Beginner	lesson	LESSON	data-science-for-beginners	2-Working-With-Data/07-python/README.md	2.07	07-python		Working with Data: Python and the Pandas Library	student	canonical-source
data-science	data-science	Data Science	Data & Computing	Beginner	assignment	ASSIGNMENT	data-science-for-beginners	2-Working-With-Data/08-data-preparation/assignment.md	2.08	08-data-preparation		Evaluating Data from a Form	student	canonical-source
data-science	data-science	Data Science	Data & Computing	Beginner	lesson	LESSON	data-science-for-beginners	2-Working-With-Data/08-data-preparation/README.md	2.08	08-data-preparation		Working with Data: Data Preparation	student	canonical-source
data-science	data-science	Data Science	Data & Computing	Beginner	module	MODULE	data-science-for-beginners	2-Working-With-Data/README.md	2	2-Working-With-Data		Working with Data	student	canonical-source
data-science	data-science	Data Science	Data & Computing	Beginner	assignment	ASSIGNMENT	data-science-for-beginners	3-Data-Visualization/09-visualization-quantities/assignment.md	3.09	09-visualization-quantities		Lines, Scatters and Bars	student	canonical-source
data-science	data-science	Data Science	Data & Computing	Beginner	lesson	LESSON	data-science-for-beginners	3-Data-Visualization/09-visualization-quantities/README.md	3.09	09-visualization-quantities		Visualizing Quantities	student	canonical-source
data-science	data-science	Data Science	Data & Computing	Beginner	assignment	ASSIGNMENT	data-science-for-beginners	3-Data-Visualization/10-visualization-distributions/assignment.md	3.10	10-visualization-distributions		Apply your skills	student	canonical-source
data-science	data-science	Data Science	Data & Computing	Beginner	lesson	LESSON	data-science-for-beginners	3-Data-Visualization/10-visualization-distributions/README.md	3.10	10-visualization-distributions		Visualizing Distributions	student	canonical-source
data-science	data-science	Data Science	Data & Computing	Beginner	assignment	ASSIGNMENT	data-science-for-beginners	3-Data-Visualization/11-visualization-proportions/assignment.md	3.11	11-visualization-proportions		Try it in Excel	student	canonical-source
data-science	data-science	Data Science	Data & Computing	Beginner	lesson	LESSON	data-science-for-beginners	3-Data-Visualization/11-visualization-proportions/README.md	3.11	11-visualization-proportions		Visualizing Proportions	student	canonical-source
data-science	data-science	Data Science	Data & Computing	Beginner	assignment	ASSIGNMENT	data-science-for-beginners	3-Data-Visualization/12-visualization-relationships/assignment.md	3.12	12-visualization-relationships		Dive into the beehive	student	canonical-source
data-science	data-science	Data Science	Data & Computing	Beginner	lesson	LESSON	data-science-for-beginners	3-Data-Visualization/12-visualization-relationships/README.md	3.12	12-visualization-relationships		Visualizing Relationships: All About Honey 🍯	student	canonical-source
data-science	data-science	Data Science	Data & Computing	Beginner	assignment	ASSIGNMENT	data-science-for-beginners	3-Data-Visualization/13-meaningful-visualizations/assignment.md	3.13	13-meaningful-visualizations		Build your own custom vis	student	canonical-source
data-science	data-science	Data Science	Data & Computing	Beginner	lesson	LESSON	data-science-for-beginners	3-Data-Visualization/13-meaningful-visualizations/README.md	3.13	13-meaningful-visualizations		Making Meaningful Visualizations	student	canonical-source
data-science	data-science	Data Science	Data & Computing	Beginner	solution	SOLUTION	data-science-for-beginners	3-Data-Visualization/13-meaningful-visualizations/solution/README.md	3.13	solution		Dangerous Liaisons data visualization project	support	canonical-source
data-science	data-science	Data Science	Data & Computing	Beginner	lesson	LESSON	data-science-for-beginners	3-Data-Visualization/13-meaningful-visualizations/starter/README.md	3.13	starter		Dangerous Liaisons data visualization project	student	canonical-source
data-science	data-science	Data Science	Data & Computing	Beginner	assignment	ASSIGNMENT	data-science-for-beginners	3-Data-Visualization/R/09-visualization-quantities/assignment.md	3.09	09-visualization-quantities	R	Lines, Scatters and Bars	student	canonical-source
data-science	data-science	Data Science	Data & Computing	Beginner	lesson	LESSON	data-science-for-beginners	3-Data-Visualization/R/09-visualization-quantities/README.md	3.09	09-visualization-quantities	R	Visualizing Quantities	student	canonical-source
data-science	data-science	Data Science	Data & Computing	Beginner	assignment	ASSIGNMENT	data-science-for-beginners	3-Data-Visualization/R/10-visualization-distributions/assignment.md	3.10	10-visualization-distributions	R	Apply your skills	student	canonical-source
data-science	data-science	Data Science	Data & Computing	Beginner	lesson	LESSON	data-science-for-beginners	3-Data-Visualization/R/10-visualization-distributions/README.md	3.10	10-visualization-distributions	R	Visualizing Distributions	student	canonical-source
data-science	data-science	Data Science	Data & Computing	Beginner	lesson	LESSON	data-science-for-beginners	3-Data-Visualization/R/11-visualization-proportions/README.md	3.11	11-visualization-proportions	R	Visualizing Proportions	student	canonical-source
data-science	data-science	Data Science	Data & Computing	Beginner	lesson	LESSON	data-science-for-beginners	3-Data-Visualization/R/12-visualization-relationships/README.md	3.12	12-visualization-relationships	R	Visualizing Relationships: All About Honey 🍯	student	canonical-source
data-science	data-science	Data Science	Data & Computing	Beginner	lesson	LESSON	data-science-for-beginners	3-Data-Visualization/R/13-meaningful-vizualizations/README.md	3.13	13-meaningful-vizualizations	R	Making Meaningful Visualizations	student	canonical-source
data-science	data-science	Data Science	Data & Computing	Beginner	module	MODULE	data-science-for-beginners	3-Data-Visualization/README.md	3	3-Data-Visualization		Visualizations	student	canonical-source
data-science	data-science	Data Science	Data & Computing	Beginner	assignment	ASSIGNMENT	data-science-for-beginners	4-Data-Science-Lifecycle/14-Introduction/assignment.md	4.14	14-Introduction		Assessing a Dataset	student	canonical-source
data-science	data-science	Data Science	Data & Computing	Beginner	lesson	LESSON	data-science-for-beginners	4-Data-Science-Lifecycle/14-Introduction/README.md	4.14	14-Introduction		Introduction to the Data Science Lifecycle	student	canonical-source
data-science	data-science	Data Science	Data & Computing	Beginner	assignment	ASSIGNMENT	data-science-for-beginners	4-Data-Science-Lifecycle/15-analyzing/assignment.md	4.15	15-analyzing		Exploring for answers	student	canonical-source
data-science	data-science	Data Science	Data & Computing	Beginner	lesson	LESSON	data-science-for-beginners	4-Data-Science-Lifecycle/15-analyzing/README.md	4.15	15-analyzing		The Data Science Lifecycle: Analyzing	student	canonical-source
data-science	data-science	Data Science	Data & Computing	Beginner	assignment	ASSIGNMENT	data-science-for-beginners	4-Data-Science-Lifecycle/16-communication/assignment.md	4.16	16-communication		Tell a story	student	canonical-source
data-science	data-science	Data Science	Data & Computing	Beginner	lesson	LESSON	data-science-for-beginners	4-Data-Science-Lifecycle/16-communication/README.md	4.16	16-communication		The Data Science Lifecycle: Communication	student	canonical-source
data-science	data-science	Data Science	Data & Computing	Beginner	module	MODULE	data-science-for-beginners	4-Data-Science-Lifecycle/README.md	4	4-Data-Science-Lifecycle		The Data Science Lifecycle	student	canonical-source
data-science	data-science	Data Science	Data & Computing	Beginner	assignment	ASSIGNMENT	data-science-for-beginners	5-Data-Science-In-Cloud/17-Introduction/assignment.md	5.17	17-Introduction		Market Research	student	canonical-source
data-science	data-science	Data Science	Data & Computing	Beginner	lesson	LESSON	data-science-for-beginners	5-Data-Science-In-Cloud/17-Introduction/README.md	5.17	17-Introduction		Introduction to Data Science in the Cloud	student	canonical-source
data-science	data-science	Data Science	Data & Computing	Beginner	assignment	ASSIGNMENT	data-science-for-beginners	5-Data-Science-In-Cloud/18-Low-Code/assignment.md	5.18	18-Low-Code		Low code/No code Data Science project on Azure ML	student	canonical-source
data-science	data-science	Data Science	Data & Computing	Beginner	lesson	LESSON	data-science-for-beginners	5-Data-Science-In-Cloud/18-Low-Code/README.md	5.18	18-Low-Code		"Data Science in the Cloud: The ""Low code/No code"" way"	student	canonical-source
data-science	data-science	Data Science	Data & Computing	Beginner	assignment	ASSIGNMENT	data-science-for-beginners	5-Data-Science-In-Cloud/19-Azure/assignment.md	5.19	19-Azure		Data Science project using Azure ML SDK	student	canonical-source
data-science	data-science	Data Science	Data & Computing	Beginner	lesson	LESSON	data-science-for-beginners	5-Data-Science-In-Cloud/19-Azure/README.md	5.19	19-Azure		"Data Science in the Cloud: The ""Azure ML SDK"" way"	student	canonical-source
data-science	data-science	Data Science	Data & Computing	Beginner	module	MODULE	data-science-for-beginners	5-Data-Science-In-Cloud/README.md	5	5-Data-Science-In-Cloud		Data Science in the Cloud	student	canonical-source
data-science	data-science	Data Science	Data & Computing	Beginner	assignment	ASSIGNMENT	data-science-for-beginners	6-Data-Science-In-Wild/20-Real-World-Examples/assignment.md	6.20	20-Real-World-Examples		Explore a Planetary Computer Dataset	student	canonical-source
data-science	data-science	Data Science	Data & Computing	Beginner	lesson	LESSON	data-science-for-beginners	6-Data-Science-In-Wild/20-Real-World-Examples/README.md	6.20	20-Real-World-Examples		Data Science in the Real World	student	canonical-source
data-science	data-science	Data Science	Data & Computing	Beginner	module	MODULE	data-science-for-beginners	6-Data-Science-In-Wild/README.md	6	6-Data-Science-In-Wild		Data Science in the Wild	student	canonical-source
data-science	data-science	Data Science	Data & Computing	Beginner	example	EXAMPLE	data-science-for-beginners	examples/README.md		examples		Beginner-Friendly Data Science Examples	student	canonical-source
data-science	data-science	Data Science	Data & Computing	Beginner	support	EXTRA	data-science-for-beginners	for-teachers.md				for-teachers	support	canonical-source
data-science	data-science	Data Science	Data & Computing	Beginner	support	EXTRA	data-science-for-beginners	INSTALLATION.md				Installation Guide	support	canonical-source
data-science	data-science	Data Science	Data & Computing	Beginner	course	COURSE	data-science-for-beginners	README.md				Data Science for Beginners - A Curriculum	student	canonical-source
data-science	data-science	Data Science	Data & Computing	Beginner	support	EXTRA	data-science-for-beginners	USAGE.md				Usage Guide	support	canonical-source
machine-learning	machine-learning	Machine Learning	Artificial Intelligence	Beginner	assignment	ASSIGNMENT	ml-for-beginners	1-Introduction/1-intro-to-ML/assignment.md	1.1	1-intro-to-ML		Get Up and Running	student	canonical-source
machine-learning	machine-learning	Machine Learning	Artificial Intelligence	Beginner	lesson	LESSON	ml-for-beginners	1-Introduction/1-intro-to-ML/README.md	1.1	1-intro-to-ML		Introduction to machine learning	student	canonical-source
machine-learning	machine-learning	Machine Learning	Artificial Intelligence	Beginner	assignment	ASSIGNMENT	ml-for-beginners	1-Introduction/2-history-of-ML/assignment.md	1.2	2-history-of-ML		Create a timeline	student	canonical-source
machine-learning	machine-learning	Machine Learning	Artificial Intelligence	Beginner	lesson	LESSON	ml-for-beginners	1-Introduction/2-history-of-ML/README.md	1.2	2-history-of-ML		History of machine learning	student	canonical-source
machine-learning	machine-learning	Machine Learning	Artificial Intelligence	Beginner	assignment	ASSIGNMENT	ml-for-beginners	1-Introduction/3-fairness/assignment.md	1.3	3-fairness		Explore the Responsible AI Toolbox	student	canonical-source
machine-learning	machine-learning	Machine Learning	Artificial Intelligence	Beginner	lesson	LESSON	ml-for-beginners	1-Introduction/3-fairness/README.md	1.3	3-fairness		Building Machine Learning solutions with responsible AI	student	canonical-source
machine-learning	machine-learning	Machine Learning	Artificial Intelligence	Beginner	assignment	ASSIGNMENT	ml-for-beginners	1-Introduction/4-techniques-of-ML/assignment.md	1.4	4-techniques-of-ML		Interview a data scientist	student	canonical-source
machine-learning	machine-learning	Machine Learning	Artificial Intelligence	Beginner	lesson	LESSON	ml-for-beginners	1-Introduction/4-techniques-of-ML/README.md	1.4	4-techniques-of-ML		Techniques of Machine Learning	student	canonical-source
machine-learning	machine-learning	Machine Learning	Artificial Intelligence	Beginner	module	MODULE	ml-for-beginners	1-Introduction/README.md	1	1-Introduction		Introduction to machine learning	student	canonical-source
machine-learning	machine-learning	Machine Learning	Artificial Intelligence	Beginner	assignment	ASSIGNMENT	ml-for-beginners	2-Regression/1-Tools/assignment.md	2.1	1-Tools		Regression with Scikit-learn	student	canonical-source
machine-learning	machine-learning	Machine Learning	Artificial Intelligence	Beginner	lesson	LESSON	ml-for-beginners	2-Regression/1-Tools/README.md	2.1	1-Tools		Get started with Python and Scikit-learn for regression models	student	canonical-source
machine-learning	machine-learning	Machine Learning	Artificial Intelligence	Beginner	solution	SOLUTION	ml-for-beginners	2-Regression/1-Tools/solution/Julia/README.md	2.1	Julia	Julia	README	support	canonical-source
machine-learning	machine-learning	Machine Learning	Artificial Intelligence	Beginner	assignment	ASSIGNMENT	ml-for-beginners	2-Regression/2-Data/assignment.md	2.2	2-Data		Exploring Visualizations	student	canonical-source
machine-learning	machine-learning	Machine Learning	Artificial Intelligence	Beginner	lesson	LESSON	ml-for-beginners	2-Regression/2-Data/README.md	2.2	2-Data		Build a regression model using Scikit-learn: prepare and visualize data	student	canonical-source
machine-learning	machine-learning	Machine Learning	Artificial Intelligence	Beginner	solution	SOLUTION	ml-for-beginners	2-Regression/2-Data/solution/Julia/README.md	2.2	Julia	Julia	README	support	canonical-source
machine-learning	machine-learning	Machine Learning	Artificial Intelligence	Beginner	assignment	ASSIGNMENT	ml-for-beginners	2-Regression/3-Linear/assignment.md	2.3	3-Linear		Create a Regression Model	student	canonical-source
machine-learning	machine-learning	Machine Learning	Artificial Intelligence	Beginner	lesson	LESSON	ml-for-beginners	2-Regression/3-Linear/README.md	2.3	3-Linear		Build a regression model using Scikit-learn: regression four ways	student	canonical-source
machine-learning	machine-learning	Machine Learning	Artificial Intelligence	Beginner	solution	SOLUTION	ml-for-beginners	2-Regression/3-Linear/solution/Julia/README.md	2.3	Julia	Julia	README	support	canonical-source
machine-learning	machine-learning	Machine Learning	Artificial Intelligence	Beginner	assignment	ASSIGNMENT	ml-for-beginners	2-Regression/4-Logistic/assignment.md	2.4	4-Logistic		Retrying some Regression	student	canonical-source
machine-learning	machine-learning	Machine Learning	Artificial Intelligence	Beginner	lesson	LESSON	ml-for-beginners	2-Regression/4-Logistic/README.md	2.4	4-Logistic		Logistic regression to predict categories	student	canonical-source
machine-learning	machine-learning	Machine Learning	Artificial Intelligence	Beginner	solution	SOLUTION	ml-for-beginners	2-Regression/4-Logistic/solution/Julia/README.md	2.4	Julia	Julia	README	support	canonical-source
machine-learning	machine-learning	Machine Learning	Artificial Intelligence	Beginner	module	MODULE	ml-for-beginners	2-Regression/README.md	2	2-Regression		Regression models for machine learning	student	canonical-source
machine-learning	machine-learning	Machine Learning	Artificial Intelligence	Beginner	assignment	ASSIGNMENT	ml-for-beginners	3-Web-App/1-Web-App/assignment.md	3.1	1-Web-App		Try a different model	student	canonical-source
machine-learning	machine-learning	Machine Learning	Artificial Intelligence	Beginner	lesson	LESSON	ml-for-beginners	3-Web-App/1-Web-App/README.md	3.1	1-Web-App		Build a Web App to use a ML Model	student	canonical-source
machine-learning	machine-learning	Machine Learning	Artificial Intelligence	Beginner	module	MODULE	ml-for-beginners	3-Web-App/README.md	3	3-Web-App		Build a web app to use your ML model	student	canonical-source
machine-learning	machine-learning	Machine Learning	Artificial Intelligence	Beginner	assignment	ASSIGNMENT	ml-for-beginners	4-Classification/1-Introduction/assignment.md	4.1	1-Introduction		Explore classification methods	student	canonical-source
machine-learning	machine-learning	Machine Learning	Artificial Intelligence	Beginner	lesson	LESSON	ml-for-beginners	4-Classification/1-Introduction/README.md	4.1	1-Introduction		Introduction to classification	student	canonical-source
machine-learning	machine-learning	Machine Learning	Artificial Intelligence	Beginner	solution	SOLUTION	ml-for-beginners	4-Classification/1-Introduction/solution/Julia/README.md	4.1	Julia	Julia	README	support	canonical-source
machine-learning	machine-learning	Machine Learning	Artificial Intelligence	Beginner	assignment	ASSIGNMENT	ml-for-beginners	4-Classification/2-Classifiers-1/assignment.md	4.2	2-Classifiers-1		Study the solvers	student	canonical-source
machine-learning	machine-learning	Machine Learning	Artificial Intelligence	Beginner	lesson	LESSON	ml-for-beginners	4-Classification/2-Classifiers-1/README.md	4.2	2-Classifiers-1		Cuisine classifiers 1	student	canonical-source
machine-learning	machine-learning	Machine Learning	Artificial Intelligence	Beginner	solution	SOLUTION	ml-for-beginners	4-Classification/2-Classifiers-1/solution/Julia/README.md	4.2	Julia	Julia	README	support	canonical-source
machine-learning	machine-learning	Machine Learning	Artificial Intelligence	Beginner	assignment	ASSIGNMENT	ml-for-beginners	4-Classification/3-Classifiers-2/assignment.md	4.3	3-Classifiers-2		Parameter Play	student	canonical-source
machine-learning	machine-learning	Machine Learning	Artificial Intelligence	Beginner	lesson	LESSON	ml-for-beginners	4-Classification/3-Classifiers-2/README.md	4.3	3-Classifiers-2		Cuisine classifiers 2	student	canonical-source
machine-learning	machine-learning	Machine Learning	Artificial Intelligence	Beginner	solution	SOLUTION	ml-for-beginners	4-Classification/3-Classifiers-2/solution/Julia/README.md	4.3	Julia	Julia	README	support	canonical-source
machine-learning	machine-learning	Machine Learning	Artificial Intelligence	Beginner	assignment	ASSIGNMENT	ml-for-beginners	4-Classification/4-Applied/assignment.md	4.4	4-Applied		Build a recommender	student	canonical-source
machine-learning	machine-learning	Machine Learning	Artificial Intelligence	Beginner	lesson	LESSON	ml-for-beginners	4-Classification/4-Applied/README.md	4.4	4-Applied		Build a Cuisine Recommender Web App	student	canonical-source
machine-learning	machine-learning	Machine Learning	Artificial Intelligence	Beginner	module	MODULE	ml-for-beginners	4-Classification/README.md	4	4-Classification		Getting started with classification	student	canonical-source
machine-learning	machine-learning	Machine Learning	Artificial Intelligence	Beginner	assignment	ASSIGNMENT	ml-for-beginners	5-Clustering/1-Visualize/assignment.md	5.1	1-Visualize		Research other visualizations for clustering	student	canonical-source
machine-learning	machine-learning	Machine Learning	Artificial Intelligence	Beginner	lesson	LESSON	ml-for-beginners	5-Clustering/1-Visualize/README.md	5.1	1-Visualize		Introduction to clustering	student	canonical-source
machine-learning	machine-learning	Machine Learning	Artificial Intelligence	Beginner	solution	SOLUTION	ml-for-beginners	5-Clustering/1-Visualize/solution/Julia/README.md	5.1	Julia	Julia	README	support	canonical-source
machine-learning	machine-learning	Machine Learning	Artificial Intelligence	Beginner	assignment	ASSIGNMENT	ml-for-beginners	5-Clustering/2-K-Means/assignment.md	5.2	2-K-Means		Try different clustering methods	student	canonical-source
machine-learning	machine-learning	Machine Learning	Artificial Intelligence	Beginner	lesson	LESSON	ml-for-beginners	5-Clustering/2-K-Means/README.md	5.2	2-K-Means		K-Means clustering	student	canonical-source
machine-learning	machine-learning	Machine Learning	Artificial Intelligence	Beginner	solution	SOLUTION	ml-for-beginners	5-Clustering/2-K-Means/solution/Julia/README.md	5.2	Julia	Julia	README	support	canonical-source
machine-learning	machine-learning	Machine Learning	Artificial Intelligence	Beginner	module	MODULE	ml-for-beginners	5-Clustering/README.md	5	5-Clustering		Clustering models for machine learning	student	canonical-source
machine-learning	machine-learning	Machine Learning	Artificial Intelligence	Beginner	assignment	ASSIGNMENT	ml-for-beginners	6-NLP/1-Introduction-to-NLP/assignment.md	6.1	1-Introduction-to-NLP		Search for a bot	student	canonical-source
machine-learning	machine-learning	Machine Learning	Artificial Intelligence	Beginner	lesson	LESSON	ml-for-beginners	6-NLP/1-Introduction-to-NLP/README.md	6.1	1-Introduction-to-NLP		Introduction to natural language processing	student	canonical-source
machine-learning	machine-learning	Machine Learning	Artificial Intelligence	Beginner	assignment	ASSIGNMENT	ml-for-beginners	6-NLP/2-Tasks/assignment.md	6.2	2-Tasks		Make a Bot talk back	student	canonical-source
machine-learning	machine-learning	Machine Learning	Artificial Intelligence	Beginner	lesson	LESSON	ml-for-beginners	6-NLP/2-Tasks/README.md	6.2	2-Tasks		Common natural language processing tasks and techniques	student	canonical-source
machine-learning	machine-learning	Machine Learning	Artificial Intelligence	Beginner	assignment	ASSIGNMENT	ml-for-beginners	6-NLP/3-Translation-Sentiment/assignment.md	6.3	3-Translation-Sentiment		Poetic license	student	canonical-source
machine-learning	machine-learning	Machine Learning	Artificial Intelligence	Beginner	lesson	LESSON	ml-for-beginners	6-NLP/3-Translation-Sentiment/README.md	6.3	3-Translation-Sentiment		Translation and sentiment analysis with ML	student	canonical-source
machine-learning	machine-learning	Machine Learning	Artificial Intelligence	Beginner	solution	SOLUTION	ml-for-beginners	6-NLP/3-Translation-Sentiment/solution/Julia/README.md	6.3	Julia	Julia	README	support	canonical-source
machine-learning	machine-learning	Machine Learning	Artificial Intelligence	Beginner	solution	SOLUTION	ml-for-beginners	6-NLP/3-Translation-Sentiment/solution/R/README.md	6.3	R	R	README	support	canonical-source
machine-learning	machine-learning	Machine Learning	Artificial Intelligence	Beginner	assignment	ASSIGNMENT	ml-for-beginners	6-NLP/4-Hotel-Reviews-1/assignment.md	6.4	4-Hotel-Reviews-1		NLTK	student	canonical-source
machine-learning	machine-learning	Machine Learning	Artificial Intelligence	Beginner	lesson	LESSON	ml-for-beginners	6-NLP/4-Hotel-Reviews-1/README.md	6.4	4-Hotel-Reviews-1		Sentiment analysis with hotel reviews - processing the data	student	canonical-source
machine-learning	machine-learning	Machine Learning	Artificial Intelligence	Beginner	solution	SOLUTION	ml-for-beginners	6-NLP/4-Hotel-Reviews-1/solution/Julia/README.md	6.4	Julia	Julia	README	support	canonical-source
machine-learning	machine-learning	Machine Learning	Artificial Intelligence	Beginner	solution	SOLUTION	ml-for-beginners	6-NLP/4-Hotel-Reviews-1/solution/R/README.md	6.4	R	R	README	support	canonical-source
machine-learning	machine-learning	Machine Learning	Artificial Intelligence	Beginner	assignment	ASSIGNMENT	ml-for-beginners	6-NLP/5-Hotel-Reviews-2/assignment.md	6.5	5-Hotel-Reviews-2		Try a different dataset	student	canonical-source
machine-learning	machine-learning	Machine Learning	Artificial Intelligence	Beginner	lesson	LESSON	ml-for-beginners	6-NLP/5-Hotel-Reviews-2/README.md	6.5	5-Hotel-Reviews-2		Sentiment analysis with hotel reviews	student	canonical-source
machine-learning	machine-learning	Machine Learning	Artificial Intelligence	Beginner	solution	SOLUTION	ml-for-beginners	6-NLP/5-Hotel-Reviews-2/solution/Julia/README.md	6.5	Julia	Julia	README	support	canonical-source
machine-learning	machine-learning	Machine Learning	Artificial Intelligence	Beginner	solution	SOLUTION	ml-for-beginners	6-NLP/5-Hotel-Reviews-2/solution/R/README.md	6.5	R	R	README	support	canonical-source
machine-learning	machine-learning	Machine Learning	Artificial Intelligence	Beginner	lesson	LESSON	ml-for-beginners	6-NLP/data/README.md	6	data		README	student	canonical-source
machine-learning	machine-learning	Machine Learning	Artificial Intelligence	Beginner	module	MODULE	ml-for-beginners	6-NLP/README.md	6	6-NLP		Getting started with natural language processing	student	canonical-source
machine-learning	machine-learning	Machine Learning	Artificial Intelligence	Beginner	assignment	ASSIGNMENT	ml-for-beginners	7-TimeSeries/1-Introduction/assignment.md	7.1	1-Introduction		Visualize some more Time Series	student	canonical-source
machine-learning	machine-learning	Machine Learning	Artificial Intelligence	Beginner	lesson	LESSON	ml-for-beginners	7-TimeSeries/1-Introduction/README.md	7.1	1-Introduction		Introduction to time series forecasting	student	canonical-source
machine-learning	machine-learning	Machine Learning	Artificial Intelligence	Beginner	solution	SOLUTION	ml-for-beginners	7-TimeSeries/1-Introduction/solution/Julia/README.md	7.1	Julia	Julia	README	support	canonical-source
machine-learning	machine-learning	Machine Learning	Artificial Intelligence	Beginner	solution	SOLUTION	ml-for-beginners	7-TimeSeries/1-Introduction/solution/R/README.md	7.1	R	R	README	support	canonical-source
machine-learning	machine-learning	Machine Learning	Artificial Intelligence	Beginner	assignment	ASSIGNMENT	ml-for-beginners	7-TimeSeries/2-ARIMA/assignment.md	7.2	2-ARIMA		A new ARIMA model	student	canonical-source
machine-learning	machine-learning	Machine Learning	Artificial Intelligence	Beginner	lesson	LESSON	ml-for-beginners	7-TimeSeries/2-ARIMA/README.md	7.2	2-ARIMA		Time series forecasting with ARIMA	student	canonical-source
machine-learning	machine-learning	Machine Learning	Artificial Intelligence	Beginner	solution	SOLUTION	ml-for-beginners	7-TimeSeries/2-ARIMA/solution/Julia/README.md	7.2	Julia	Julia	README	support	canonical-source
machine-learning	machine-learning	Machine Learning	Artificial Intelligence	Beginner	solution	SOLUTION	ml-for-beginners	7-TimeSeries/2-ARIMA/solution/R/README.md	7.2	R	R	README	support	canonical-source
machine-learning	machine-learning	Machine Learning	Artificial Intelligence	Beginner	assignment	ASSIGNMENT	ml-for-beginners	7-TimeSeries/3-SVR/assignment.md	7.3	3-SVR		A new SVR model	student	canonical-source
machine-learning	machine-learning	Machine Learning	Artificial Intelligence	Beginner	lesson	LESSON	ml-for-beginners	7-TimeSeries/3-SVR/README.md	7.3	3-SVR		Time Series Forecasting with Support Vector Regressor	student	canonical-source
machine-learning	machine-learning	Machine Learning	Artificial Intelligence	Beginner	module	MODULE	ml-for-beginners	7-TimeSeries/README.md	7	7-TimeSeries		Introduction to time series forecasting	student	canonical-source
machine-learning	machine-learning	Machine Learning	Artificial Intelligence	Beginner	assignment	ASSIGNMENT	ml-for-beginners	8-Reinforcement/1-QLearning/assignment.md	8.1	1-QLearning		A More Realistic World	student	canonical-source
machine-learning	machine-learning	Machine Learning	Artificial Intelligence	Beginner	lesson	LESSON	ml-for-beginners	8-Reinforcement/1-QLearning/README.md	8.1	1-QLearning		Introduction to Reinforcement Learning and Q-Learning	student	canonical-source
machine-learning	machine-learning	Machine Learning	Artificial Intelligence	Beginner	solution	SOLUTION	ml-for-beginners	8-Reinforcement/1-QLearning/solution/Julia/README.md	8.1	Julia	Julia	README	support	canonical-source
machine-learning	machine-learning	Machine Learning	Artificial Intelligence	Beginner	solution	SOLUTION	ml-for-beginners	8-Reinforcement/1-QLearning/solution/R/README.md	8.1	R	R	README	support	canonical-source
machine-learning	machine-learning	Machine Learning	Artificial Intelligence	Beginner	assignment	ASSIGNMENT	ml-for-beginners	8-Reinforcement/2-Gym/assignment.md	8.2	2-Gym		Train Mountain Car	student	canonical-source
machine-learning	machine-learning	Machine Learning	Artificial Intelligence	Beginner	lesson	LESSON	ml-for-beginners	8-Reinforcement/2-Gym/README.md	8.2	2-Gym		CartPole Skating	student	canonical-source
machine-learning	machine-learning	Machine Learning	Artificial Intelligence	Beginner	solution	SOLUTION	ml-for-beginners	8-Reinforcement/2-Gym/solution/Julia/README.md	8.2	Julia	Julia	README	support	canonical-source
machine-learning	machine-learning	Machine Learning	Artificial Intelligence	Beginner	solution	SOLUTION	ml-for-beginners	8-Reinforcement/2-Gym/solution/R/README.md	8.2	R	R	README	support	canonical-source
machine-learning	machine-learning	Machine Learning	Artificial Intelligence	Beginner	module	MODULE	ml-for-beginners	8-Reinforcement/README.md	8	8-Reinforcement		Introduction to reinforcement learning	student	canonical-source
machine-learning	machine-learning	Machine Learning	Artificial Intelligence	Beginner	assignment	ASSIGNMENT	ml-for-beginners	9-Real-World/1-Applications/assignment.md	9.1	1-Applications		A ML Scavenger Hunt	student	canonical-source
machine-learning	machine-learning	Machine Learning	Artificial Intelligence	Beginner	lesson	LESSON	ml-for-beginners	9-Real-World/1-Applications/README.md	9.1	1-Applications		Postscript: Machine learning in the real world	student	canonical-source
machine-learning	machine-learning	Machine Learning	Artificial Intelligence	Beginner	assignment	ASSIGNMENT	ml-for-beginners	9-Real-World/2-Debugging-ML-Models/assignment.md	9.2	2-Debugging-ML-Models		Explore Responsible AI (RAI) dashboard	student	canonical-source
machine-learning	machine-learning	Machine Learning	Artificial Intelligence	Beginner	lesson	LESSON	ml-for-beginners	9-Real-World/2-Debugging-ML-Models/README.md	9.2	2-Debugging-ML-Models		Postscript: Model Debugging in Machine Learning using Responsible AI dashboard components	student	canonical-source
machine-learning	machine-learning	Machine Learning	Artificial Intelligence	Beginner	module	MODULE	ml-for-beginners	9-Real-World/README.md	9	9-Real-World		Postscript: Real world applications of classic machine learning	student	canonical-source
machine-learning	machine-learning	Machine Learning	Artificial Intelligence	Beginner	support	EXTRA	ml-for-beginners	for-teachers.md				for-teachers	support	canonical-source
machine-learning	machine-learning	Machine Learning	Artificial Intelligence	Beginner	course	COURSE	ml-for-beginners	README.md				Machine Learning for Beginners - A Curriculum	student	canonical-source
artificial-intelligence	artificial-intelligence	Artificial Intelligence	Artificial Intelligence	Beginner	support	EXTRA	ai-for-beginners	etc/Mindmap.md		etc		AI	support	canonical-source
artificial-intelligence	artificial-intelligence	Artificial Intelligence	Artificial Intelligence	Beginner	support	EXTRA	ai-for-beginners	etc/TRANSLATIONS.md		etc		Contribute by translating lessons	support	canonical-source
artificial-intelligence	artificial-intelligence	Artificial Intelligence	Artificial Intelligence	Beginner	example	EXAMPLE	ai-for-beginners	examples/README.md		examples		Beginner-Friendly AI Examples	student	canonical-source
artificial-intelligence	artificial-intelligence	Artificial Intelligence	Artificial Intelligence	Beginner	support	EXTRA	ai-for-beginners	lessons/0-course-setup/for-teachers.md	0	0-course-setup		For Educators	support	canonical-source
artificial-intelligence	artificial-intelligence	Artificial Intelligence	Artificial Intelligence	Beginner	support	EXTRA	ai-for-beginners	lessons/0-course-setup/how-to-run.md	0	0-course-setup		How to Run the Code	support	canonical-source
artificial-intelligence	artificial-intelligence	Artificial Intelligence	Artificial Intelligence	Beginner	support	EXTRA	ai-for-beginners	lessons/0-course-setup/setup.md	0	0-course-setup		Getting Started with this Curricula	support	canonical-source
artificial-intelligence	artificial-intelligence	Artificial Intelligence	Artificial Intelligence	Beginner	assignment	ASSIGNMENT	ai-for-beginners	lessons/1-Intro/assignment.md	1	1-Intro		Game Jam	student	canonical-source
artificial-intelligence	artificial-intelligence	Artificial Intelligence	Artificial Intelligence	Beginner	module	MODULE	ai-for-beginners	lessons/1-Intro/README.md	1	1-Intro		Introduction to AI	student	canonical-source
artificial-intelligence	artificial-intelligence	Artificial Intelligence	Artificial Intelligence	Beginner	assignment	ASSIGNMENT	ai-for-beginners	lessons/2-Symbolic/assignment.md	2	2-Symbolic		Build an Ontology	student	canonical-source
artificial-intelligence	artificial-intelligence	Artificial Intelligence	Artificial Intelligence	Beginner	module	MODULE	ai-for-beginners	lessons/2-Symbolic/README.md	2	2-Symbolic		Knowledge Representation and Expert Systems	student	canonical-source
artificial-intelligence	artificial-intelligence	Artificial Intelligence	Artificial Intelligence	Beginner	lab	LAB	ai-for-beginners	lessons/3-NeuralNetworks/03-Perceptron/lab/README.md	3.03	lab		Multi-Class Classification with Perceptron	student	canonical-source
artificial-intelligence	artificial-intelligence	Artificial Intelligence	Artificial Intelligence	Beginner	lesson	LESSON	ai-for-beginners	lessons/3-NeuralNetworks/03-Perceptron/README.md	3.03	03-Perceptron		Introduction to Neural Networks: Perceptron	student	canonical-source
artificial-intelligence	artificial-intelligence	Artificial Intelligence	Artificial Intelligence	Beginner	lab	LAB	ai-for-beginners	lessons/3-NeuralNetworks/04-OwnFramework/lab/README.md	3.04	lab		MNIST Classification with Our Own Framework	student	canonical-source
artificial-intelligence	artificial-intelligence	Artificial Intelligence	Artificial Intelligence	Beginner	lesson	LESSON	ai-for-beginners	lessons/3-NeuralNetworks/04-OwnFramework/README.md	3.04	04-OwnFramework		Introduction to Neural Networks. Multi-Layered Perceptron	student	canonical-source
artificial-intelligence	artificial-intelligence	Artificial Intelligence	Artificial Intelligence	Beginner	lab	LAB	ai-for-beginners	lessons/3-NeuralNetworks/05-Frameworks/lab/README.md	3.05	lab		Classification with PyTorch/TensorFlow	student	canonical-source
artificial-intelligence	artificial-intelligence	Artificial Intelligence	Artificial Intelligence	Beginner	lesson	LESSON	ai-for-beginners	lessons/3-NeuralNetworks/05-Frameworks/README.md	3.05	05-Frameworks		Neural Network Frameworks	student	canonical-source
artificial-intelligence	artificial-intelligence	Artificial Intelligence	Artificial Intelligence	Beginner	module	MODULE	ai-for-beginners	lessons/3-NeuralNetworks/README.md	3	3-NeuralNetworks		Introduction to Neural Networks	student	canonical-source
artificial-intelligence	artificial-intelligence	Artificial Intelligence	Artificial Intelligence	Beginner	lab	LAB	ai-for-beginners	lessons/4-ComputerVision/06-IntroCV/lab/README.md	4.06	lab		Detecting Movements using Optical Flow	student	canonical-source
artificial-intelligence	artificial-intelligence	Artificial Intelligence	Artificial Intelligence	Beginner	lesson	LESSON	ai-for-beginners	lessons/4-ComputerVision/06-IntroCV/README.md	4.06	06-IntroCV		Introduction to Computer Vision	student	canonical-source
artificial-intelligence	artificial-intelligence	Artificial Intelligence	Artificial Intelligence	Beginner	support	EXTRA	ai-for-beginners	lessons/4-ComputerVision/07-ConvNets/CNN_Architectures.md	4.07	07-ConvNets		Well-Known CNN Architectures	support	canonical-source
artificial-intelligence	artificial-intelligence	Artificial Intelligence	Artificial Intelligence	Beginner	lab	LAB	ai-for-beginners	lessons/4-ComputerVision/07-ConvNets/lab/README.md	4.07	lab		Classification of Pets Faces	student	canonical-source
artificial-intelligence	artificial-intelligence	Artificial Intelligence	Artificial Intelligence	Beginner	lesson	LESSON	ai-for-beginners	lessons/4-ComputerVision/07-ConvNets/README.md	4.07	07-ConvNets		Convolutional Neural Networks	student	canonical-source
artificial-intelligence	artificial-intelligence	Artificial Intelligence	Artificial Intelligence	Beginner	lab	LAB	ai-for-beginners	lessons/4-ComputerVision/08-TransferLearning/lab/README.md	4.08	lab		Classification of Oxford Pets using Transfer Learning	student	canonical-source
artificial-intelligence	artificial-intelligence	Artificial Intelligence	Artificial Intelligence	Beginner	lesson	LESSON	ai-for-beginners	lessons/4-ComputerVision/08-TransferLearning/README.md	4.08	08-TransferLearning		Pre-trained Networks and Transfer Learning	student	canonical-source
artificial-intelligence	artificial-intelligence	Artificial Intelligence	Artificial Intelligence	Beginner	support	EXTRA	ai-for-beginners	lessons/4-ComputerVision/08-TransferLearning/TrainingTricks.md	4.08	08-TransferLearning		Deep Learning Training Tricks	support	canonical-source
artificial-intelligence	artificial-intelligence	Artificial Intelligence	Artificial Intelligence	Beginner	lesson	LESSON	ai-for-beginners	lessons/4-ComputerVision/09-Autoencoders/README.md	4.09	09-Autoencoders		Autoencoders	student	canonical-source
artificial-intelligence	artificial-intelligence	Artificial Intelligence	Artificial Intelligence	Beginner	lesson	LESSON	ai-for-beginners	lessons/4-ComputerVision/10-GANs/README.md	4.10	10-GANs		Generative Adversarial Networks	student	canonical-source
artificial-intelligence	artificial-intelligence	Artificial Intelligence	Artificial Intelligence	Beginner	lab	LAB	ai-for-beginners	lessons/4-ComputerVision/11-ObjectDetection/lab/README.md	4.11	lab		Head Detection using Hollywood Heads Dataset	student	canonical-source
artificial-intelligence	artificial-intelligence	Artificial Intelligence	Artificial Intelligence	Beginner	lesson	LESSON	ai-for-beginners	lessons/4-ComputerVision/11-ObjectDetection/README.md	4.11	11-ObjectDetection		Object Detection	student	canonical-source
artificial-intelligence	artificial-intelligence	Artificial Intelligence	Artificial Intelligence	Beginner	lab	LAB	ai-for-beginners	lessons/4-ComputerVision/12-Segmentation/lab/README.md	4.12	lab		Human Body Segmentation	student	canonical-source
artificial-intelligence	artificial-intelligence	Artificial Intelligence	Artificial Intelligence	Beginner	lesson	LESSON	ai-for-beginners	lessons/4-ComputerVision/12-Segmentation/README.md	4.12	12-Segmentation		Segmentation	student	canonical-source
artificial-intelligence	artificial-intelligence	Artificial Intelligence	Artificial Intelligence	Beginner	module	MODULE	ai-for-beginners	lessons/4-ComputerVision/README.md	4	4-ComputerVision		Computer Vision	student	canonical-source
artificial-intelligence	artificial-intelligence	Artificial Intelligence	Artificial Intelligence	Beginner	assignment	ASSIGNMENT	ai-for-beginners	lessons/5-NLP/13-TextRep/assignment.md	5.13	13-TextRep		Assignment: Notebooks	student	canonical-source
artificial-intelligence	artificial-intelligence	Artificial Intelligence	Artificial Intelligence	Beginner	lesson	LESSON	ai-for-beginners	lessons/5-NLP/13-TextRep/README.md	5.13	13-TextRep		Representing Text as Tensors	student	canonical-source
artificial-intelligence	artificial-intelligence	Artificial Intelligence	Artificial Intelligence	Beginner	assignment	ASSIGNMENT	ai-for-beginners	lessons/5-NLP/14-Embeddings/assignment.md	5.14	14-Embeddings		Assignment: Notebooks	student	canonical-source
artificial-intelligence	artificial-intelligence	Artificial Intelligence	Artificial Intelligence	Beginner	lesson	LESSON	ai-for-beginners	lessons/5-NLP/14-Embeddings/README.md	5.14	14-Embeddings		Embeddings	student	canonical-source
artificial-intelligence	artificial-intelligence	Artificial Intelligence	Artificial Intelligence	Beginner	lab	LAB	ai-for-beginners	lessons/5-NLP/15-LanguageModeling/lab/README.md	5.15	lab		Training Skip-Gram Model	student	canonical-source
artificial-intelligence	artificial-intelligence	Artificial Intelligence	Artificial Intelligence	Beginner	lesson	LESSON	ai-for-beginners	lessons/5-NLP/15-LanguageModeling/README.md	5.15	15-LanguageModeling		Language Modeling	student	canonical-source
artificial-intelligence	artificial-intelligence	Artificial Intelligence	Artificial Intelligence	Beginner	assignment	ASSIGNMENT	ai-for-beginners	lessons/5-NLP/16-RNN/assignment.md	5.16	16-RNN		Assignment: Notebooks	student	canonical-source
artificial-intelligence	artificial-intelligence	Artificial Intelligence	Artificial Intelligence	Beginner	lesson	LESSON	ai-for-beginners	lessons/5-NLP/16-RNN/README.md	5.16	16-RNN		Recurrent Neural Networks	student	canonical-source
artificial-intelligence	artificial-intelligence	Artificial Intelligence	Artificial Intelligence	Beginner	lab	LAB	ai-for-beginners	lessons/5-NLP/17-GenerativeNetworks/lab/README.md	5.17	lab		Word-level Text Generation using RNNs	student	canonical-source
artificial-intelligence	artificial-intelligence	Artificial Intelligence	Artificial Intelligence	Beginner	lesson	LESSON	ai-for-beginners	lessons/5-NLP/17-GenerativeNetworks/README.md	5.17	17-GenerativeNetworks		Generative networks	student	canonical-source
artificial-intelligence	artificial-intelligence	Artificial Intelligence	Artificial Intelligence	Beginner	assignment	ASSIGNMENT	ai-for-beginners	lessons/5-NLP/18-Transformers/assignment.md	5.18	18-Transformers		Assignment: Transformers	student	canonical-source
artificial-intelligence	artificial-intelligence	Artificial Intelligence	Artificial Intelligence	Beginner	lesson	LESSON	ai-for-beginners	lessons/5-NLP/18-Transformers/README.md	5.18	18-Transformers		Attention Mechanisms and Transformers	student	canonical-source
artificial-intelligence	artificial-intelligence	Artificial Intelligence	Artificial Intelligence	Beginner	lab	LAB	ai-for-beginners	lessons/5-NLP/19-NER/lab/README.md	5.19	lab		NER	student	canonical-source
artificial-intelligence	artificial-intelligence	Artificial Intelligence	Artificial Intelligence	Beginner	lesson	LESSON	ai-for-beginners	lessons/5-NLP/19-NER/README.md	5.19	19-NER		Named Entity Recognition	student	canonical-source
artificial-intelligence	artificial-intelligence	Artificial Intelligence	Artificial Intelligence	Beginner	lesson	LESSON	ai-for-beginners	lessons/5-NLP/20-LangModels/README.md	5.20	20-LangModels		Pre-Trained Large Language Models	student	canonical-source
artificial-intelligence	artificial-intelligence	Artificial Intelligence	Artificial Intelligence	Beginner	module	MODULE	ai-for-beginners	lessons/5-NLP/README.md	5	5-NLP		Natural Language Processing	student	canonical-source
artificial-intelligence	artificial-intelligence	Artificial Intelligence	Artificial Intelligence	Beginner	lesson	LESSON	ai-for-beginners	lessons/6-Other/21-GeneticAlgorithms/README.md	6.21	21-GeneticAlgorithms		Genetic Algorithms	student	canonical-source
artificial-intelligence	artificial-intelligence	Artificial Intelligence	Artificial Intelligence	Beginner	lab	LAB	ai-for-beginners	lessons/6-Other/22-DeepRL/lab/README.md	6.22	lab		Training Mountain Car to Escape	student	canonical-source
artificial-intelligence	artificial-intelligence	Artificial Intelligence	Artificial Intelligence	Beginner	lesson	LESSON	ai-for-beginners	lessons/6-Other/22-DeepRL/README.md	6.22	22-DeepRL		Deep Reinforcement Learning	student	canonical-source
artificial-intelligence	artificial-intelligence	Artificial Intelligence	Artificial Intelligence	Beginner	assignment	ASSIGNMENT	ai-for-beginners	lessons/6-Other/23-MultiagentSystems/assignment.md	6.23	23-MultiagentSystems		NetLogo Assignment	student	canonical-source
artificial-intelligence	artificial-intelligence	Artificial Intelligence	Artificial Intelligence	Beginner	lesson	LESSON	ai-for-beginners	lessons/6-Other/23-MultiagentSystems/README.md	6.23	23-MultiagentSystems		Multi-Agent Systems	student	canonical-source
artificial-intelligence	artificial-intelligence	Artificial Intelligence	Artificial Intelligence	Beginner	module	MODULE	ai-for-beginners	lessons/7-Ethics/README.md	7	7-Ethics		Ethical and Responsible AI	student	canonical-source
artificial-intelligence	artificial-intelligence	Artificial Intelligence	Artificial Intelligence	Beginner	module	MODULE	ai-for-beginners	lessons/README.md		lessons		Overview	student	canonical-source
artificial-intelligence	artificial-intelligence	Artificial Intelligence	Artificial Intelligence	Beginner	lesson	LESSON	ai-for-beginners	lessons/X-Extras/X1-MultiModal/README.md		X1-MultiModal		Multi-Modal Networks	student	canonical-source
artificial-intelligence	artificial-intelligence	Artificial Intelligence	Artificial Intelligence	Beginner	course	COURSE	ai-for-beginners	README.md				Artificial Intelligence for Beginners - A Curriculum	student	canonical-source
generative-ai	generative-ai	Generative AI	Artificial Intelligence	Beginner	support	EXTRA	generative-ai-for-beginners	00-course-setup/01-setup-cloud.md	00.01	00-course-setup		Cloud Setup ☁️ – GitHub Codespaces	support	canonical-source
generative-ai	generative-ai	Generative AI	Artificial Intelligence	Beginner	support	EXTRA	generative-ai-for-beginners	00-course-setup/02-setup-local.md	00.02	00-course-setup		Local Setup 🖥️	support	canonical-source
generative-ai	generative-ai	Generative AI	Artificial Intelligence	Beginner	support	EXTRA	generative-ai-for-beginners	00-course-setup/03-providers.md	00.03	00-course-setup		Choosing & Configuring an LLM Provider 🔑	support	canonical-source
generative-ai	generative-ai	Generative AI	Artificial Intelligence	Beginner	module	MODULE	generative-ai-for-beginners	00-course-setup/README.md	00	00-course-setup		Getting Started with this course	student	canonical-source
generative-ai	generative-ai	Generative AI	Artificial Intelligence	Beginner	module	MODULE	generative-ai-for-beginners	01-introduction-to-genai/README.md	01	01-introduction-to-genai		Introduction to Generative AI and Large Language Models	student	canonical-source
generative-ai	generative-ai	Generative AI	Artificial Intelligence	Beginner	module	MODULE	generative-ai-for-beginners	02-exploring-and-comparing-different-llms/README.md	02	02-exploring-and-comparing-different-llms		Exploring and comparing different LLMs	student	canonical-source
generative-ai	generative-ai	Generative AI	Artificial Intelligence	Beginner	module	MODULE	generative-ai-for-beginners	03-using-generative-ai-responsibly/README.md	03	03-using-generative-ai-responsibly		Using Generative AI Responsibly	student	canonical-source
generative-ai	generative-ai	Generative AI	Artificial Intelligence	Beginner	module	MODULE	generative-ai-for-beginners	04-prompt-engineering-fundamentals/README.md	04	04-prompt-engineering-fundamentals		Prompt Engineering Fundamentals	student	canonical-source
generative-ai	generative-ai	Generative AI	Artificial Intelligence	Beginner	module	MODULE	generative-ai-for-beginners	05-advanced-prompts/README.md	05	05-advanced-prompts		Creating Advanced prompts	student	canonical-source
generative-ai	generative-ai	Generative AI	Artificial Intelligence	Beginner	module	MODULE	generative-ai-for-beginners	06-text-generation-apps/README.md	06	06-text-generation-apps		Building Text Generation Applications	student	canonical-source
generative-ai	generative-ai	Generative AI	Artificial Intelligence	Beginner	module	MODULE	generative-ai-for-beginners	07-building-chat-applications/README.md	07	07-building-chat-applications		Building Generative AI-Powered Chat Applications	student	canonical-source
generative-ai	generative-ai	Generative AI	Artificial Intelligence	Beginner	module	MODULE	generative-ai-for-beginners	08-building-search-applications/README.md	08	08-building-search-applications		Building a Search Applications	student	canonical-source
generative-ai	generative-ai	Generative AI	Artificial Intelligence	Beginner	module	MODULE	generative-ai-for-beginners	08-building-search-applications/scripts/README.md	08	scripts		Transcription data prep	student	canonical-source
generative-ai	generative-ai	Generative AI	Artificial Intelligence	Beginner	module	MODULE	generative-ai-for-beginners	09-building-image-applications/README.md	09	09-building-image-applications		Building Image Generation Applications	student	canonical-source
generative-ai	generative-ai	Generative AI	Artificial Intelligence	Beginner	assignment	ASSIGNMENT	generative-ai-for-beginners	10-building-low-code-ai-applications/assignment.md	10	10-building-low-code-ai-applications		assignment	student	canonical-source
generative-ai	generative-ai	Generative AI	Artificial Intelligence	Beginner	module	MODULE	generative-ai-for-beginners	10-building-low-code-ai-applications/README.md	10	10-building-low-code-ai-applications		Building Low Code AI Applications	student	canonical-source
generative-ai	generative-ai	Generative AI	Artificial Intelligence	Beginner	module	MODULE	generative-ai-for-beginners	11-integrating-with-function-calling/README.md	11	11-integrating-with-function-calling		Integrating with function calling	student	canonical-source
generative-ai	generative-ai	Generative AI	Artificial Intelligence	Beginner	module	MODULE	generative-ai-for-beginners	12-designing-ux-for-ai-applications/README.md	12	12-designing-ux-for-ai-applications		Designing UX for AI Applications	student	canonical-source
generative-ai	generative-ai	Generative AI	Artificial Intelligence	Beginner	module	MODULE	generative-ai-for-beginners	13-securing-ai-applications/README.md	13	13-securing-ai-applications		Securing Your Generative AI Applications	student	canonical-source
generative-ai	generative-ai	Generative AI	Artificial Intelligence	Beginner	module	MODULE	generative-ai-for-beginners	14-the-generative-ai-application-lifecycle/README.md	14	14-the-generative-ai-application-lifecycle		The Generative AI Application Lifecycle	student	canonical-source
generative-ai	generative-ai	Generative AI	Artificial Intelligence	Beginner	support	EXTRA	generative-ai-for-beginners	15-rag-and-vector-databases/data/frameworks.md	15	data		Neural Network Frameworks	support	canonical-source
generative-ai	generative-ai	Generative AI	Artificial Intelligence	Beginner	support	EXTRA	generative-ai-for-beginners	15-rag-and-vector-databases/data/own_framework.md	15	data		Introduction to Neural Networks. Multi-Layered Perceptron	support	canonical-source
generative-ai	generative-ai	Generative AI	Artificial Intelligence	Beginner	support	EXTRA	generative-ai-for-beginners	15-rag-and-vector-databases/data/perceptron.md	15	data		Introduction to Neural Networks: Perceptron	support	canonical-source
generative-ai	generative-ai	Generative AI	Artificial Intelligence	Beginner	module	MODULE	generative-ai-for-beginners	15-rag-and-vector-databases/README.md	15	15-rag-and-vector-databases		Retrieval Augmented Generation (RAG) and Vector Databases	student	canonical-source
generative-ai	generative-ai	Generative AI	Artificial Intelligence	Beginner	module	MODULE	generative-ai-for-beginners	16-open-source-models/README.md	16	16-open-source-models		README	student	canonical-source
generative-ai	generative-ai	Generative AI	Artificial Intelligence	Beginner	module	MODULE	generative-ai-for-beginners	17-ai-agents/README.md	17	17-ai-agents		Run agents in sequence, passing the conversation context along the chain	student	canonical-source
generative-ai	generative-ai	Generative AI	Artificial Intelligence	Beginner	module	MODULE	generative-ai-for-beginners	18-fine-tuning/README.md	18	18-fine-tuning		Fine-Tuning Your LLM	student	canonical-source
generative-ai	generative-ai	Generative AI	Artificial Intelligence	Beginner	support	EXTRA	generative-ai-for-beginners	18-fine-tuning/RESOURCES.md	18	18-fine-tuning		Resources For Self-Guided Learning	support	canonical-source
generative-ai	generative-ai	Generative AI	Artificial Intelligence	Beginner	module	MODULE	generative-ai-for-beginners	19-slm/README.md	19	19-slm		Introduction to Small Language Models for Generative AI for Beginners	student	canonical-source
generative-ai	generative-ai	Generative AI	Artificial Intelligence	Beginner	module	MODULE	generative-ai-for-beginners	20-mistral/README.md	20	20-mistral		Building with Mistral Models	student	canonical-source
generative-ai	generative-ai	Generative AI	Artificial Intelligence	Beginner	module	MODULE	generative-ai-for-beginners	21-meta/README.md	21	21-meta		Building With the Meta Family Models	student	canonical-source
generative-ai	generative-ai	Generative AI	Artificial Intelligence	Beginner	course	COURSE	generative-ai-for-beginners	README.md				Generative AI for Beginners (Version 3) - A Course	student	canonical-source
cybersecurity	cybersecurity	Cybersecurity	Cybersecurity	Beginner	lesson	LESSON	security-101	1.1 The CIA triad and other key concepts.md	1			The CIA triad and other key concepts	student	canonical-source
cybersecurity	cybersecurity	Cybersecurity	Cybersecurity	Beginner	lesson	LESSON	security-101	1.2 Common cybersecurity threats.md	1			Common cybersecurity threats	student	canonical-source
cybersecurity	cybersecurity	Cybersecurity	Cybersecurity	Beginner	lesson	LESSON	security-101	1.3 Understanding risk management.md	1			Understanding risk management	student	canonical-source
cybersecurity	cybersecurity	Cybersecurity	Cybersecurity	Beginner	lesson	LESSON	security-101	1.4 Security practices and documentation.md	1			Security practices and documentation	student	canonical-source
cybersecurity	cybersecurity	Cybersecurity	Cybersecurity	Beginner	lesson	LESSON	security-101	1.5 Zero trust.md	1			Zero Trust	student	canonical-source
cybersecurity	cybersecurity	Cybersecurity	Cybersecurity	Beginner	lesson	LESSON	security-101	1.6 Shared responsibility model.md	1			The shared responsibility model	student	canonical-source
cybersecurity	cybersecurity	Cybersecurity	Cybersecurity	Beginner	quiz	QUIZ	security-101	1.7 End of module quiz.md	1			End of module quiz	student	canonical-source
cybersecurity	cybersecurity	Cybersecurity	Cybersecurity	Beginner	lesson	LESSON	security-101	2.1 IAM key concepts.md	2			IAM key concepts	student	canonical-source
cybersecurity	cybersecurity	Cybersecurity	Cybersecurity	Beginner	lesson	LESSON	security-101	2.2 IAM zero trust architecture.md	2			IAM zero trust architecture	student	canonical-source
cybersecurity	cybersecurity	Cybersecurity	Cybersecurity	Beginner	lesson	LESSON	security-101	2.3 IAM capabilities.md	2			IAM Capabilites	student	canonical-source
cybersecurity	cybersecurity	Cybersecurity	Cybersecurity	Beginner	quiz	QUIZ	security-101	2.4 End of module quiz.md	2			End of module quiz	student	canonical-source
cybersecurity	cybersecurity	Cybersecurity	Cybersecurity	Beginner	lesson	LESSON	security-101	3.1 Networking key concepts.md	3			Networking key concepts	student	canonical-source
cybersecurity	cybersecurity	Cybersecurity	Cybersecurity	Beginner	lesson	LESSON	security-101	3.2 Networking zero trust architecture.md	3			Networking zero trust architectures	student	canonical-source
cybersecurity	cybersecurity	Cybersecurity	Cybersecurity	Beginner	lesson	LESSON	security-101	3.3 Network security capabilities.md	3			Network security capabilities	student	canonical-source
cybersecurity	cybersecurity	Cybersecurity	Cybersecurity	Beginner	quiz	QUIZ	security-101	3.4 End of module quiz.md	3			End of module quiz	student	canonical-source
cybersecurity	cybersecurity	Cybersecurity	Cybersecurity	Beginner	lesson	LESSON	security-101	4.1 SecOps key concepts.md	4			Security operations key concepts	student	canonical-source
cybersecurity	cybersecurity	Cybersecurity	Cybersecurity	Beginner	lesson	LESSON	security-101	4.2 SecOps zero trust architecture.md	4			SecOps zero trust architecture	student	canonical-source
cybersecurity	cybersecurity	Cybersecurity	Cybersecurity	Beginner	lesson	LESSON	security-101	4.3 SecOps capabilities.md	4			SecOps capabilities	student	canonical-source
cybersecurity	cybersecurity	Cybersecurity	Cybersecurity	Beginner	quiz	QUIZ	security-101	4.4 End of module quiz.md	4			End of module quiz	student	canonical-source
cybersecurity	cybersecurity	Cybersecurity	Cybersecurity	Beginner	lesson	LESSON	security-101	5.1 AppSec key concepts.md	5			AppSec key concepts	student	canonical-source
cybersecurity	cybersecurity	Cybersecurity	Cybersecurity	Beginner	lesson	LESSON	security-101	5.2 AppSec key capabilities.md	5			5.2 AppSec key capabilities	student	canonical-source
cybersecurity	cybersecurity	Cybersecurity	Cybersecurity	Beginner	quiz	QUIZ	security-101	5.3 End of module quiz.md	5			End of module quiz	student	canonical-source
cybersecurity	cybersecurity	Cybersecurity	Cybersecurity	Beginner	lesson	LESSON	security-101	6.1 Infrastructure security key concepts.md	6			Infrastructure security key concepts	student	canonical-source
cybersecurity	cybersecurity	Cybersecurity	Cybersecurity	Beginner	lesson	LESSON	security-101	6.2 Infrastructure security capabilities.md	6			Infrastructure security capabilities	student	canonical-source
cybersecurity	cybersecurity	Cybersecurity	Cybersecurity	Beginner	quiz	QUIZ	security-101	6.3 End of module quiz.md	6			End of module quiz	student	canonical-source
cybersecurity	cybersecurity	Cybersecurity	Cybersecurity	Beginner	lesson	LESSON	security-101	7.1 Data security key concepts.md	7			Data security key concepts	student	canonical-source
cybersecurity	cybersecurity	Cybersecurity	Cybersecurity	Beginner	lesson	LESSON	security-101	7.2 Data security capabilities.md	7			Data security capabilities	student	canonical-source
cybersecurity	cybersecurity	Cybersecurity	Cybersecurity	Beginner	quiz	QUIZ	security-101	7.3 End of module quiz.md	7			End of module quiz	student	canonical-source
cybersecurity	cybersecurity	Cybersecurity	Cybersecurity	Beginner	lesson	LESSON	security-101	8.1 AI security key concepts.md	8			AI security key concepts	student	canonical-source
cybersecurity	cybersecurity	Cybersecurity	Cybersecurity	Beginner	lesson	LESSON	security-101	8.2 AI security capabilities.md	8			AI security capabilities	student	canonical-source
cybersecurity	cybersecurity	Cybersecurity	Cybersecurity	Beginner	lesson	LESSON	security-101	8.3 Responsible AI.md	8			Responsible AI	student	canonical-source
cybersecurity	cybersecurity	Cybersecurity	Cybersecurity	Beginner	quiz	QUIZ	security-101	8.4 End of module quiz.md	8			End of module quiz	student	canonical-source
cybersecurity	cybersecurity	Cybersecurity	Cybersecurity	Beginner	lesson	LESSON	security-101	README.md				🚀 Cybersecurity for Beginners – a curriculum	student	canonical-source
