course_id	course_slug	course_title	domain	level	artifact_role	source_repo	source_path	source_sequence	source_parent	language_variant	title	visibility	content_format	content_sha256	content_bytes	status
data-science	data-science	Data Science	Data & Computing	Beginner	assignment	data-science-for-beginners	1-Introduction/01-defining-data-science/assignment.md	1.01	01-defining-data-science		Assignment: Data Science Scenarios	student	markdown	0f05a3eacc885d2d7592e143bbeb52e51416b637fe5c132ca5c9cb148775b9fd	1738	canonical-content
data-science	data-science	Data Science	Data & Computing	Beginner	lesson	data-science-for-beginners	1-Introduction/01-defining-data-science/README.md	1.01	01-defining-data-science		Defining Data Science	student	markdown	63f980478a21ac734c1972dc3a2420627aeb1607674f54437da8ee0bec2b8a48	15451	canonical-content
data-science	data-science	Data Science	Data & Computing	Beginner	solution	data-science-for-beginners	1-Introduction/01-defining-data-science/solution/assignment.md	1.01	solution		Assignment: Data Science Scenarios	support	markdown	d6775d7a15cbd6241ff2c1844aec16733fb25023bf3e190bfafa577d5f89b570	2867	canonical-content
data-science	data-science	Data Science	Data & Computing	Beginner	assignment	data-science-for-beginners	1-Introduction/02-ethics/assignment.md	1.02	02-ethics		assignment	student	markdown	b7264ef145f05bb2a8bc1589b6c39372fed60b22a9877ad765f57b130ac08c01	2233	canonical-content
data-science	data-science	Data Science	Data & Computing	Beginner	lesson	data-science-for-beginners	1-Introduction/02-ethics/README.md	1.02	02-ethics		Introduction to Data Ethics	student	markdown	a8325351400d74ebe0ed40f75bc8bd6555b9838db270efd85638b2f70ab8ede9	26367	canonical-content
data-science	data-science	Data Science	Data & Computing	Beginner	assignment	data-science-for-beginners	1-Introduction/03-defining-data/assignment.md	1.03	03-defining-data		Classifying Datasets	student	markdown	a58fa9905ff324c58ca60e0564e889fbd89f1f7cabcd3fc00f0254854484bdf3	1540	canonical-content
data-science	data-science	Data Science	Data & Computing	Beginner	lesson	data-science-for-beginners	1-Introduction/03-defining-data/README.md	1.03	03-defining-data		Defining Data	student	markdown	3c353ec0ac053ba041c114b02d1f793609e4a3573500bba013114d41b2cea8f6	7780	canonical-content
data-science	data-science	Data Science	Data & Computing	Beginner	assignment	data-science-for-beginners	1-Introduction/04-stats-and-probability/assignment.md	1.04	04-stats-and-probability		Small Diabetes Study	student	markdown	de49e0c9bcefe46475f6a362aa0a41a7138f5fdf96c5de1b218fc96f77041df9	1502	canonical-content
data-science	data-science	Data Science	Data & Computing	Beginner	lesson	data-science-for-beginners	1-Introduction/04-stats-and-probability/README.md	1.04	04-stats-and-probability		A Brief Introduction to Statistics and Probability	student	markdown	90bb7cf1ec183c8ae5173f53ca77b4f7c7818f2eb26a64ffeda2b1e0cea2d65e	22968	canonical-content
data-science	data-science	Data Science	Data & Computing	Beginner	module	data-science-for-beginners	1-Introduction/README.md	1	1-Introduction		Introduction to Data Science	student	markdown	8d3ea251e03eb29e73fe5370cc8b437c0259bf6b7a7a9cda5b5c7623c63175f4	1026	canonical-content
data-science	data-science	Data Science	Data & Computing	Beginner	assignment	data-science-for-beginners	2-Working-With-Data/05-relational-databases/assignment.md	2.05	05-relational-databases		Displaying airport data	student	markdown	700289162ae6bc7208411bd6acbb7a6d0391ee1d4b9780664a6680d5bbec1c60	3515	canonical-content
data-science	data-science	Data Science	Data & Computing	Beginner	lesson	data-science-for-beginners	2-Working-With-Data/05-relational-databases/README.md	2.05	05-relational-databases		Working with Data: Relational Databases	student	markdown	29a1c05d1a3856d3593769d4a014eff69e10cc1e748c79544d1d261520f64239	10150	canonical-content
data-science	data-science	Data Science	Data & Computing	Beginner	assignment	data-science-for-beginners	2-Working-With-Data/06-non-relational/assignment.md	2.06	06-non-relational		Soda Profits	student	markdown	8dcb559c9f914a17f2524f15f9dc11221889f08105ff9a772f69256bc7f4eb8f	799	canonical-content
data-science	data-science	Data Science	Data & Computing	Beginner	lesson	data-science-for-beginners	2-Working-With-Data/06-non-relational/README.md	2.06	06-non-relational		Working with Data: Non-Relational Data	student	markdown	97955909078ed5426afcc71c97417986aa6f53d87fdae779c1308cdb4d4002ea	12207	canonical-content
data-science	data-science	Data Science	Data & Computing	Beginner	assignment	data-science-for-beginners	2-Working-With-Data/07-python/assignment.md	2.07	07-python		Assignment for Data Processing in Python	student	markdown	e736f55e8773637d4673641d1dc5547df689e36beee9073cd2474da5d803359a	2043	canonical-content
data-science	data-science	Data Science	Data & Computing	Beginner	lesson	data-science-for-beginners	2-Working-With-Data/07-python/README.md	2.07	07-python		Working with Data: Python and the Pandas Library	student	markdown	648062176fd205d22018648837f04c6bae66c1ef9cb53bd50f83915c3e0ad11f	20878	canonical-content
data-science	data-science	Data Science	Data & Computing	Beginner	assignment	data-science-for-beginners	2-Working-With-Data/08-data-preparation/assignment.md	2.08	08-data-preparation		Evaluating Data from a Form	student	markdown	764d63198f11ea0170081be1bbc5255ee3787c7b96c7a2e225da851acf374ff8	836	canonical-content
data-science	data-science	Data Science	Data & Computing	Beginner	lesson	data-science-for-beginners	2-Working-With-Data/08-data-preparation/README.md	2.08	08-data-preparation		Working with Data: Data Preparation	student	markdown	e6fff0d33cc033c074d7ea97e35ed9a8f4db32823409e44220716ef299773bcc	17463	canonical-content
data-science	data-science	Data Science	Data & Computing	Beginner	module	data-science-for-beginners	2-Working-With-Data/README.md	2	2-Working-With-Data		Working with Data	student	markdown	ae06a890084700422acb02255c9a74085f92dc1154d0ad4d8acaed05f3958408	1152	canonical-content
data-science	data-science	Data Science	Data & Computing	Beginner	assignment	data-science-for-beginners	3-Data-Visualization/09-visualization-quantities/assignment.md	3.09	09-visualization-quantities		Lines, Scatters and Bars	student	markdown	97aecab2cd0d68229c480a751c13de843ac636a6a6015d7810dfdc5e9398ada9	686	canonical-content
data-science	data-science	Data Science	Data & Computing	Beginner	lesson	data-science-for-beginners	3-Data-Visualization/09-visualization-quantities/README.md	3.09	09-visualization-quantities		Visualizing Quantities	student	markdown	3c49228c844f3781e43fb88d164e688d9446665c3bcfa45973a78589e35b5a8a	10945	canonical-content
data-science	data-science	Data Science	Data & Computing	Beginner	assignment	data-science-for-beginners	3-Data-Visualization/10-visualization-distributions/assignment.md	3.10	10-visualization-distributions		Apply your skills	student	markdown	d939dcfb4598b11cf8cbc0006d4baaf9579280eb6adf1579f95b61fca4e57053	747	canonical-content
data-science	data-science	Data Science	Data & Computing	Beginner	lesson	data-science-for-beginners	3-Data-Visualization/10-visualization-distributions/README.md	3.10	10-visualization-distributions		Visualizing Distributions	student	markdown	92ab0688fe4b4d81c1bc88ab20ce40d86cf35c3ac20e53b8fa230adedd9f32ff	11272	canonical-content
data-science	data-science	Data Science	Data & Computing	Beginner	assignment	data-science-for-beginners	3-Data-Visualization/11-visualization-proportions/assignment.md	3.11	11-visualization-proportions		Try it in Excel	student	markdown	8d15353f8b61757922e25b4c4b28a6fbd44a5460fdd880166299a4c52cb721bf	710	canonical-content
data-science	data-science	Data Science	Data & Computing	Beginner	lesson	data-science-for-beginners	3-Data-Visualization/11-visualization-proportions/README.md	3.11	11-visualization-proportions		Visualizing Proportions	student	markdown	cc90d2eb3ef5a00709c9b70f9d02a5fb7290cd6f369986634da41a7a1b9a9b14	10684	canonical-content
data-science	data-science	Data Science	Data & Computing	Beginner	assignment	data-science-for-beginners	3-Data-Visualization/12-visualization-relationships/assignment.md	3.12	12-visualization-relationships		Dive into the beehive	student	markdown	6f2e37e39a9462593e4c798b0b5076cffe2aa13a53f3e9e4a0010e173ee201d1	1143	canonical-content
data-science	data-science	Data Science	Data & Computing	Beginner	lesson	data-science-for-beginners	3-Data-Visualization/12-visualization-relationships/README.md	3.12	12-visualization-relationships		Visualizing Relationships: All About Honey 🍯	student	markdown	89f0d74ef709fb99ad628a711456aaa5c761c109947659f24945e2e116c7fd76	10669	canonical-content
data-science	data-science	Data Science	Data & Computing	Beginner	assignment	data-science-for-beginners	3-Data-Visualization/13-meaningful-visualizations/assignment.md	3.13	13-meaningful-visualizations		Build your own custom vis	student	markdown	c674bdf065520dd074ff0a13f4211c601099cd6256739a530c36d80010f31329	659	canonical-content
data-science	data-science	Data Science	Data & Computing	Beginner	lesson	data-science-for-beginners	3-Data-Visualization/13-meaningful-visualizations/README.md	3.13	13-meaningful-visualizations		Making Meaningful Visualizations	student	markdown	0bcfb154632e144530dffeeb4a8f4e0db4fffd5ff40cb304e75b710558d7f077	10686	canonical-content
data-science	data-science	Data Science	Data & Computing	Beginner	solution	data-science-for-beginners	3-Data-Visualization/13-meaningful-visualizations/solution/README.md	3.13	solution		Dangerous Liaisons data visualization project	support	markdown	5e297730ec876c49a654fa6c2938cda2abf24a774117c0f54319e66739b3e602	547	canonical-content
data-science	data-science	Data Science	Data & Computing	Beginner	lesson	data-science-for-beginners	3-Data-Visualization/13-meaningful-visualizations/starter/README.md	3.13	starter		Dangerous Liaisons data visualization project	student	markdown	5e297730ec876c49a654fa6c2938cda2abf24a774117c0f54319e66739b3e602	547	canonical-content
data-science	data-science	Data Science	Data & Computing	Beginner	assignment	data-science-for-beginners	3-Data-Visualization/R/09-visualization-quantities/assignment.md	3.09	09-visualization-quantities	R	Lines, Scatters and Bars	student	markdown	f7d1e5a77342dda94c503724f8d1b390375f55b17f51b25a7ba5813c914c2c1b	679	canonical-content
data-science	data-science	Data Science	Data & Computing	Beginner	lesson	data-science-for-beginners	3-Data-Visualization/R/09-visualization-quantities/README.md	3.09	09-visualization-quantities	R	Visualizing Quantities	student	markdown	04294dd8160d32642e551ae3ae03e78b307e4cea6c6158e9e1e25d65e66c3d66	13349	canonical-content
data-science	data-science	Data Science	Data & Computing	Beginner	assignment	data-science-for-beginners	3-Data-Visualization/R/10-visualization-distributions/assignment.md	3.10	10-visualization-distributions	R	Apply your skills	student	markdown	cd6ec0faeaad588419860236773318f5f5864f0c9eca723809acca1c9c888fbc	742	canonical-content
data-science	data-science	Data Science	Data & Computing	Beginner	lesson	data-science-for-beginners	3-Data-Visualization/R/10-visualization-distributions/README.md	3.10	10-visualization-distributions	R	Visualizing Distributions	student	markdown	0ce3f9b3172164d10eac853ed1d15ba3a1738882966122a466028b57ccd6d513	10124	canonical-content
data-science	data-science	Data Science	Data & Computing	Beginner	lesson	data-science-for-beginners	3-Data-Visualization/R/11-visualization-proportions/README.md	3.11	11-visualization-proportions	R	Visualizing Proportions	student	markdown	6abb5e046aba1186822c3d90d0c7041a232ab31767a8c5b91d233ee446d89fdb	9565	canonical-content
data-science	data-science	Data Science	Data & Computing	Beginner	lesson	data-science-for-beginners	3-Data-Visualization/R/12-visualization-relationships/README.md	3.12	12-visualization-relationships	R	Visualizing Relationships: All About Honey 🍯	student	markdown	e6d21ee14767fb87e0b7a1e53776d4393cacaee4b876888c185ece4861a2f7c9	10275	canonical-content
data-science	data-science	Data Science	Data & Computing	Beginner	lesson	data-science-for-beginners	3-Data-Visualization/R/13-meaningful-vizualizations/README.md	3.13	13-meaningful-vizualizations	R	Making Meaningful Visualizations	student	markdown	93ba116679b9e3e7447851cb041cbc6f8ac78828d251cb5708c861563699cc02	10693	canonical-content
data-science	data-science	Data Science	Data & Computing	Beginner	module	data-science-for-beginners	3-Data-Visualization/README.md	3	3-Data-Visualization		Visualizations	student	markdown	079f40d4264d3d3aba6f98256fd2edb3802119014b31ccb78295b117e08f0ed8	3805	canonical-content
data-science	data-science	Data Science	Data & Computing	Beginner	assignment	data-science-for-beginners	4-Data-Science-Lifecycle/14-Introduction/assignment.md	4.14	14-Introduction		Assessing a Dataset	student	markdown	f83839c174e5cca522f1f828e5b70049a8b7e967968c8df4f9ccc61e684a0564	1547	canonical-content
data-science	data-science	Data Science	Data & Computing	Beginner	lesson	data-science-for-beginners	4-Data-Science-Lifecycle/14-Introduction/README.md	4.14	14-Introduction		Introduction to the Data Science Lifecycle	student	markdown	dd8c967025c479030e9b3202a9a78ab730373372154506aa190e80b5a2cd67f2	8843	canonical-content
data-science	data-science	Data Science	Data & Computing	Beginner	assignment	data-science-for-beginners	4-Data-Science-Lifecycle/15-analyzing/assignment.md	4.15	15-analyzing		Exploring for answers	student	markdown	fbefe7dc8bd16ce308f69c79287feed1fb16ffb286909fd4a83f328a17243c35	1561	canonical-content
data-science	data-science	Data Science	Data & Computing	Beginner	lesson	data-science-for-beginners	4-Data-Science-Lifecycle/15-analyzing/README.md	4.15	15-analyzing		The Data Science Lifecycle: Analyzing	student	markdown	8a17d7e71f9f1acf93b9df6f14a6f5064252ad339e73516220977783212c18ec	5315	canonical-content
data-science	data-science	Data Science	Data & Computing	Beginner	assignment	data-science-for-beginners	4-Data-Science-Lifecycle/16-communication/assignment.md	4.16	16-communication		Tell a story	student	markdown	d48dacf9c64a677b34d6e9b08675f1db3ab93b5a7eaf1d187033e5f1265b2554	732	canonical-content
data-science	data-science	Data Science	Data & Computing	Beginner	lesson	data-science-for-beginners	4-Data-Science-Lifecycle/16-communication/README.md	4.16	16-communication		The Data Science Lifecycle: Communication	student	markdown	960df135a9d3998f2aefdc8491adfd5c889d290dcbafea59472097e720a39e15	21066	canonical-content
data-science	data-science	Data Science	Data & Computing	Beginner	module	data-science-for-beginners	4-Data-Science-Lifecycle/README.md	4	4-Data-Science-Lifecycle		The Data Science Lifecycle	student	markdown	1fbf6ade34ed7b5ab16f97c02a64805c8964156930e43cfa03c015d6e18564d5	778	canonical-content
data-science	data-science	Data Science	Data & Computing	Beginner	assignment	data-science-for-beginners	5-Data-Science-In-Cloud/17-Introduction/assignment.md	5.17	17-Introduction		Market Research	student	markdown	77d29df44072e95f77ac6a19e69a0e9f3d56d6d134d7626b0ad02e7b3c458662	565	canonical-content
data-science	data-science	Data Science	Data & Computing	Beginner	lesson	data-science-for-beginners	5-Data-Science-In-Cloud/17-Introduction/README.md	5.17	17-Introduction		Introduction to Data Science in the Cloud	student	markdown	1b61e191fa7a8d6546c97a573da8793e0fc0fb8f9a172b6c4c65d2fb0c82f557	8721	canonical-content
data-science	data-science	Data Science	Data & Computing	Beginner	assignment	data-science-for-beginners	5-Data-Science-In-Cloud/18-Low-Code/assignment.md	5.18	18-Low-Code		Low code/No code Data Science project on Azure ML	student	markdown	cfdc12b70ace0153caaf95647ac4c70a7d761de2c4ada10c1929fbb3348b5626	1130	canonical-content
data-science	data-science	Data Science	Data & Computing	Beginner	lesson	data-science-for-beginners	5-Data-Science-In-Cloud/18-Low-Code/README.md	5.18	18-Low-Code		"Data Science in the Cloud: The ""Low code/No code"" way"	student	markdown	25669f79d32abda1fa60a999040f5de4bc1151c11b85f7e6bbe8f21274040eed	24199	canonical-content
data-science	data-science	Data Science	Data & Computing	Beginner	assignment	data-science-for-beginners	5-Data-Science-In-Cloud/19-Azure/assignment.md	5.19	19-Azure		Data Science project using Azure ML SDK	student	markdown	bf430c8d50d7bbb4e9c34e1fcb570636004b4e9696eff758f03c7e475e999e5d	1220	canonical-content
data-science	data-science	Data Science	Data & Computing	Beginner	lesson	data-science-for-beginners	5-Data-Science-In-Cloud/19-Azure/README.md	5.19	19-Azure		"Data Science in the Cloud: The ""Azure ML SDK"" way"	student	markdown	3664268fcba97acd51c0c24cd58d798e4097134eb815b57102fd63403cea8d03	16890	canonical-content
data-science	data-science	Data Science	Data & Computing	Beginner	module	data-science-for-beginners	5-Data-Science-In-Cloud/README.md	5	5-Data-Science-In-Cloud		Data Science in the Cloud	student	markdown	0a6659e3bac777e947ead34aaf82d004ae6e2c2d2fca46db5cab9e5dea79544e	1538	canonical-content
data-science	data-science	Data Science	Data & Computing	Beginner	assignment	data-science-for-beginners	6-Data-Science-In-Wild/20-Real-World-Examples/assignment.md	6.20	20-Real-World-Examples		Explore a Planetary Computer Dataset	student	markdown	e8823bc1d7e36a89d2858a29415715f19ad89c5581120b4a429df195a4d7daa9	2759	canonical-content
data-science	data-science	Data Science	Data & Computing	Beginner	lesson	data-science-for-beginners	6-Data-Science-In-Wild/20-Real-World-Examples/README.md	6.20	20-Real-World-Examples		Data Science in the Real World	student	markdown	b297cebf49db3b1e6ca7d8d0c7c51c297e93750acd218bee666f007e7c6f175b	17102	canonical-content
data-science	data-science	Data Science	Data & Computing	Beginner	module	data-science-for-beginners	6-Data-Science-In-Wild/README.md	6	6-Data-Science-In-Wild		Data Science in the Wild	student	markdown	de02c1bc0ebbf9567451d2201f8804bff56f3f14898eac90aee719086ecdd64a	253	canonical-content
data-science	data-science	Data Science	Data & Computing	Beginner	example	data-science-for-beginners	examples/README.md		examples		Beginner-Friendly Data Science Examples	student	markdown	476a2def9d33be6d41c5bcf7b5bb1858cc6e17c749c40bf54051e96922a4e88a	4497	canonical-content
data-science	data-science	Data Science	Data & Computing	Beginner	support	data-science-for-beginners	for-teachers.md				for-teachers	support	markdown	4dd8984cc0b7a3d4dabf632599474b36758641119698215e6c0ce80494534b39	3471	canonical-content
data-science	data-science	Data Science	Data & Computing	Beginner	support	data-science-for-beginners	INSTALLATION.md				Installation Guide	support	markdown	65b5f047aa7f1b3c9c09a299cdce695b47837712df6250260e05ad94dc1b9242	5900	canonical-content
data-science	data-science	Data Science	Data & Computing	Beginner	course	data-science-for-beginners	README.md				Data Science for Beginners - A Curriculum	student	markdown	6e3c6a7fdde0c3c6312e29601aa1e2c5d1f6c536150da84a2ba3f86fc790f9ba	27446	canonical-content
data-science	data-science	Data Science	Data & Computing	Beginner	support	data-science-for-beginners	USAGE.md				Usage Guide	support	markdown	bee9551f39146850be3081c63ba2137f8d04ee00845071509274d23d8c0dbf9a	8860	canonical-content
machine-learning	machine-learning	Machine Learning	Artificial Intelligence	Beginner	assignment	ml-for-beginners	1-Introduction/1-intro-to-ML/assignment.md	1.1	1-intro-to-ML		Get Up and Running	student	markdown	08f092ff781264f7de2331a15f008141219c60209715c305107fb1a19e79cb17	442	canonical-content
machine-learning	machine-learning	Machine Learning	Artificial Intelligence	Beginner	lesson	ml-for-beginners	1-Introduction/1-intro-to-ML/README.md	1.1	1-intro-to-ML		Introduction to machine learning	student	markdown	8eb6a193a937cb88d1e45bb667ee4124023fb7239d393b2f4c5c3bc7b9a9f4a6	9567	canonical-content
machine-learning	machine-learning	Machine Learning	Artificial Intelligence	Beginner	assignment	ml-for-beginners	1-Introduction/2-history-of-ML/assignment.md	1.2	2-history-of-ML		Create a timeline	student	markdown	8df7879caab5e25a5f665b02fb22e6d5c3e58a20552fb31682ab85fb505fa5a8	889	canonical-content
machine-learning	machine-learning	Machine Learning	Artificial Intelligence	Beginner	lesson	ml-for-beginners	1-Introduction/2-history-of-ML/README.md	1.2	2-history-of-ML		History of machine learning	student	markdown	6c32f777cc8a05d87c00dc1038cd4db96e95a24130a7c204e1116a01e3ea2564	11386	canonical-content
machine-learning	machine-learning	Machine Learning	Artificial Intelligence	Beginner	assignment	ml-for-beginners	1-Introduction/3-fairness/assignment.md	1.3	3-fairness		Explore the Responsible AI Toolbox	student	markdown	d03c264893b99bdde7e62b8a45654d63670b156f555b9bd5e9c1e68d8f21303e	847	canonical-content
machine-learning	machine-learning	Machine Learning	Artificial Intelligence	Beginner	lesson	ml-for-beginners	1-Introduction/3-fairness/README.md	1.3	3-fairness		Building Machine Learning solutions with responsible AI	student	markdown	f262ed95b1cf1405a1bbe2b86a4feec0a6c99269ffbb475934aa5c66c7f2c3ea	15873	canonical-content
machine-learning	machine-learning	Machine Learning	Artificial Intelligence	Beginner	assignment	ml-for-beginners	1-Introduction/4-techniques-of-ML/assignment.md	1.4	4-techniques-of-ML		Interview a data scientist	student	markdown	fc9c63bd9af3a018c1c28cb4afae4319d31bcc32cfb81593cb8638113fe17f00	891	canonical-content
machine-learning	machine-learning	Machine Learning	Artificial Intelligence	Beginner	lesson	ml-for-beginners	1-Introduction/4-techniques-of-ML/README.md	1.4	4-techniques-of-ML		Techniques of Machine Learning	student	markdown	cd768575ee3ed153b7c20779274b1383c05bbb0ee1527bde7570302a8c29d469	11476	canonical-content
machine-learning	machine-learning	Machine Learning	Artificial Intelligence	Beginner	module	ml-for-beginners	1-Introduction/README.md	1	1-Introduction		Introduction to machine learning	student	markdown	3f6aa980bcff6d0e3048db02a785e152291e460d528ba10a6f242962e37f8c59	1547	canonical-content
machine-learning	machine-learning	Machine Learning	Artificial Intelligence	Beginner	assignment	ml-for-beginners	2-Regression/1-Tools/assignment.md	2.1	1-Tools		Regression with Scikit-learn	student	markdown	d43ea022b2f842abf197d38705e826a90fdddf7a54810c9efd95a961d28e3486	1098	canonical-content
machine-learning	machine-learning	Machine Learning	Artificial Intelligence	Beginner	lesson	ml-for-beginners	2-Regression/1-Tools/README.md	2.1	1-Tools		Get started with Python and Scikit-learn for regression models	student	markdown	a99c6eff0e1ac2229c33da9b9e1ce1ddee469e8e744a78db74a774ecce2a4429	14407	canonical-content
machine-learning	machine-learning	Machine Learning	Artificial Intelligence	Beginner	solution	ml-for-beginners	2-Regression/1-Tools/solution/Julia/README.md	2.1	Julia	Julia	README	support	markdown	35097c1f23f0d81419bdbd1395a8a235c7e307fff9748981330275e52c03485b	31	canonical-content
machine-learning	machine-learning	Machine Learning	Artificial Intelligence	Beginner	assignment	ml-for-beginners	2-Regression/2-Data/assignment.md	2.2	2-Data		Exploring Visualizations	student	markdown	6de29d6bdb0691f8f3d9637fef563962e17f5fa3bbe029d9932266f4b5771eda	590	canonical-content
machine-learning	machine-learning	Machine Learning	Artificial Intelligence	Beginner	lesson	ml-for-beginners	2-Regression/2-Data/README.md	2.2	2-Data		Build a regression model using Scikit-learn: prepare and visualize data	student	markdown	b031a6d5ff2194c7438ddb7f606a9d083bda1bea3bcba114b74bb166aabf26c3	16652	canonical-content
machine-learning	machine-learning	Machine Learning	Artificial Intelligence	Beginner	solution	ml-for-beginners	2-Regression/2-Data/solution/Julia/README.md	2.2	Julia	Julia	README	support	markdown	35097c1f23f0d81419bdbd1395a8a235c7e307fff9748981330275e52c03485b	31	canonical-content
machine-learning	machine-learning	Machine Learning	Artificial Intelligence	Beginner	assignment	ml-for-beginners	2-Regression/3-Linear/assignment.md	2.3	3-Linear		Create a Regression Model	student	markdown	673766b49cbc5cf9370e6fec5ddc6fc77a8227441f781a88fb11da36429270b1	812	canonical-content
machine-learning	machine-learning	Machine Learning	Artificial Intelligence	Beginner	lesson	ml-for-beginners	2-Regression/3-Linear/README.md	2.3	3-Linear		Build a regression model using Scikit-learn: regression four ways	student	markdown	613806228313d2b4bfa4172665be5ff20c435e48a5f8fe5d1082438eda152c8b	23310	canonical-content
machine-learning	machine-learning	Machine Learning	Artificial Intelligence	Beginner	solution	ml-for-beginners	2-Regression/3-Linear/solution/Julia/README.md	2.3	Julia	Julia	README	support	markdown	35097c1f23f0d81419bdbd1395a8a235c7e307fff9748981330275e52c03485b	31	canonical-content
machine-learning	machine-learning	Machine Learning	Artificial Intelligence	Beginner	assignment	ml-for-beginners	2-Regression/4-Logistic/assignment.md	2.4	4-Logistic		Retrying some Regression	student	markdown	4dae5088f37acad9c6b563b8040777ce46d4b3ffdff81fae0efa5a124e0b0afe	870	canonical-content
machine-learning	machine-learning	Machine Learning	Artificial Intelligence	Beginner	lesson	ml-for-beginners	2-Regression/4-Logistic/README.md	2.4	4-Logistic		Logistic regression to predict categories	student	markdown	abca6008cd4207b0eefea39758e5647b305ae0ac1024f16c8b0b315fd8b1a018	20694	canonical-content
machine-learning	machine-learning	Machine Learning	Artificial Intelligence	Beginner	solution	ml-for-beginners	2-Regression/4-Logistic/solution/Julia/README.md	2.4	Julia	Julia	README	support	markdown	35097c1f23f0d81419bdbd1395a8a235c7e307fff9748981330275e52c03485b	31	canonical-content
machine-learning	machine-learning	Machine Learning	Artificial Intelligence	Beginner	module	ml-for-beginners	2-Regression/README.md	2	2-Regression		Regression models for machine learning	student	markdown	9518da8c2e64ae72c6fefbd7a73d4bab88599b1b71eff6e5c8dbd583accef854	3130	canonical-content
machine-learning	machine-learning	Machine Learning	Artificial Intelligence	Beginner	assignment	ml-for-beginners	3-Web-App/1-Web-App/assignment.md	3.1	1-Web-App		Try a different model	student	markdown	410a4749431f1154bcf58a646fc07f8ac8654fd4aa18c45398db92b77ddbd00f	901	canonical-content
machine-learning	machine-learning	Machine Learning	Artificial Intelligence	Beginner	lesson	ml-for-beginners	3-Web-App/1-Web-App/README.md	3.1	1-Web-App		Build a Web App to use a ML Model	student	markdown	0f3413a557dff5c455064ae79e4cb0c95d93e0f0d7e75c6e0703be6e389cd94f	14726	canonical-content
machine-learning	machine-learning	Machine Learning	Artificial Intelligence	Beginner	module	ml-for-beginners	3-Web-App/README.md	3	3-Web-App		Build a web app to use your ML model	student	markdown	02d1c98d06ca80cd9f35d84c36e478f11e3e6666f779efdad19d58b40c8c2c37	1400	canonical-content
machine-learning	machine-learning	Machine Learning	Artificial Intelligence	Beginner	assignment	ml-for-beginners	4-Classification/1-Introduction/assignment.md	4.1	1-Introduction		Explore classification methods	student	markdown	b9c20eb9567036335f513c257bfb507b47e054949d3c3cfe9720db7739891f40	1842	canonical-content
machine-learning	machine-learning	Machine Learning	Artificial Intelligence	Beginner	lesson	ml-for-beginners	4-Classification/1-Introduction/README.md	4.1	1-Introduction		Introduction to classification	student	markdown	d234c5bdb8edcd0855ce895260f186c571c5c5dffeed2e96385b16da89ae0ffd	13544	canonical-content
machine-learning	machine-learning	Machine Learning	Artificial Intelligence	Beginner	solution	ml-for-beginners	4-Classification/1-Introduction/solution/Julia/README.md	4.1	Julia	Julia	README	support	markdown	35097c1f23f0d81419bdbd1395a8a235c7e307fff9748981330275e52c03485b	31	canonical-content
machine-learning	machine-learning	Machine Learning	Artificial Intelligence	Beginner	assignment	ml-for-beginners	4-Classification/2-Classifiers-1/assignment.md	4.2	2-Classifiers-1		Study the solvers	student	markdown	aa82962c1b2a3db630d1f0807165567b1a6fd64ca577f96c421fbc1b06cd12f6	1001	canonical-content
machine-learning	machine-learning	Machine Learning	Artificial Intelligence	Beginner	lesson	ml-for-beginners	4-Classification/2-Classifiers-1/README.md	4.2	2-Classifiers-1		Cuisine classifiers 1	student	markdown	bb8c89b21f0b20e248208991e7d2d4c1e6631546c2be3695ed35b199f7a05db2	14144	canonical-content
machine-learning	machine-learning	Machine Learning	Artificial Intelligence	Beginner	solution	ml-for-beginners	4-Classification/2-Classifiers-1/solution/Julia/README.md	4.2	Julia	Julia	README	support	markdown	35097c1f23f0d81419bdbd1395a8a235c7e307fff9748981330275e52c03485b	31	canonical-content
machine-learning	machine-learning	Machine Learning	Artificial Intelligence	Beginner	assignment	ml-for-beginners	4-Classification/3-Classifiers-2/assignment.md	4.3	3-Classifiers-2		Parameter Play	student	markdown	ebfefa0db1828e000fb0a8e6f4cdb896c969e32d1ab59c9e54d88967885c9dfc	1092	canonical-content
machine-learning	machine-learning	Machine Learning	Artificial Intelligence	Beginner	lesson	ml-for-beginners	4-Classification/3-Classifiers-2/README.md	4.3	3-Classifiers-2		Cuisine classifiers 2	student	markdown	2ba9651d65e28a0e65504d4dd5ab8fb333013a478e4ca4c175688e0096374b36	10028	canonical-content
machine-learning	machine-learning	Machine Learning	Artificial Intelligence	Beginner	solution	ml-for-beginners	4-Classification/3-Classifiers-2/solution/Julia/README.md	4.3	Julia	Julia	README	support	markdown	35097c1f23f0d81419bdbd1395a8a235c7e307fff9748981330275e52c03485b	31	canonical-content
machine-learning	machine-learning	Machine Learning	Artificial Intelligence	Beginner	assignment	ml-for-beginners	4-Classification/4-Applied/assignment.md	4.4	4-Applied		Build a recommender	student	markdown	eb68e8601cdb0e672a3b4e22e8921b6b7e13a8597b27bf0b91578beaf59e58ed	931	canonical-content
machine-learning	machine-learning	Machine Learning	Artificial Intelligence	Beginner	lesson	ml-for-beginners	4-Classification/4-Applied/README.md	4.4	4-Applied		Build a Cuisine Recommender Web App	student	markdown	2671f1671bffbc2b481d1a703c82d95f7eb3db102633377c520eaae23e971d46	13122	canonical-content
machine-learning	machine-learning	Machine Learning	Artificial Intelligence	Beginner	module	ml-for-beginners	4-Classification/README.md	4	4-Classification		Getting started with classification	student	markdown	769d528600d0d1ca886ced2714583ee075995ce20156ad316ea20a40d3c90ae7	1557	canonical-content
machine-learning	machine-learning	Machine Learning	Artificial Intelligence	Beginner	assignment	ml-for-beginners	5-Clustering/1-Visualize/assignment.md	5.1	1-Visualize		Research other visualizations for clustering	student	markdown	29c40406a87354ce4d0b0b256476d5298b3f7c90a4197a7964e9f8836e188814	1217	canonical-content
machine-learning	machine-learning	Machine Learning	Artificial Intelligence	Beginner	lesson	ml-for-beginners	5-Clustering/1-Visualize/README.md	5.1	1-Visualize		Introduction to clustering	student	markdown	83879bc4f2c5f490e9d6d896197306e136b8dca0359c5dc5cea2d75e1bdd2f40	23463	canonical-content
machine-learning	machine-learning	Machine Learning	Artificial Intelligence	Beginner	solution	ml-for-beginners	5-Clustering/1-Visualize/solution/Julia/README.md	5.1	Julia	Julia	README	support	markdown	35097c1f23f0d81419bdbd1395a8a235c7e307fff9748981330275e52c03485b	31	canonical-content
machine-learning	machine-learning	Machine Learning	Artificial Intelligence	Beginner	assignment	ml-for-beginners	5-Clustering/2-K-Means/assignment.md	5.2	2-K-Means		Try different clustering methods	student	markdown	dd64f0578769dd25ec020f6273cb64170243d8d57caaa75b1695b9626580e1a3	890	canonical-content
machine-learning	machine-learning	Machine Learning	Artificial Intelligence	Beginner	lesson	ml-for-beginners	5-Clustering/2-K-Means/README.md	5.2	2-K-Means		K-Means clustering	student	markdown	71b3ce3db94c01e2899e493e6bb9b7334333850be77696f77ba74b0530a43199	10993	canonical-content
machine-learning	machine-learning	Machine Learning	Artificial Intelligence	Beginner	solution	ml-for-beginners	5-Clustering/2-K-Means/solution/Julia/README.md	5.2	Julia	Julia	README	support	markdown	35097c1f23f0d81419bdbd1395a8a235c7e307fff9748981330275e52c03485b	31	canonical-content
machine-learning	machine-learning	Machine Learning	Artificial Intelligence	Beginner	module	ml-for-beginners	5-Clustering/README.md	5	5-Clustering		Clustering models for machine learning	student	markdown	a9cb5f2e59a8a04a7915dbdad8c805b515ebaf1b143667e3d0b8217ebee3c097	2766	canonical-content
machine-learning	machine-learning	Machine Learning	Artificial Intelligence	Beginner	assignment	ml-for-beginners	6-NLP/1-Introduction-to-NLP/assignment.md	6.1	1-Introduction-to-NLP		Search for a bot	student	markdown	b14627a3f7a4ce7b033eb86806f62dc7258ece4c64a4e9fe1a613e64756ac9d8	1013	canonical-content
machine-learning	machine-learning	Machine Learning	Artificial Intelligence	Beginner	lesson	ml-for-beginners	6-NLP/1-Introduction-to-NLP/README.md	6.1	1-Introduction-to-NLP		Introduction to natural language processing	student	markdown	f3774a08d2b85f4c10b8f34320a03774b517ce4ea638a74349a9b4eb13b9f991	11381	canonical-content
machine-learning	machine-learning	Machine Learning	Artificial Intelligence	Beginner	assignment	ml-for-beginners	6-NLP/2-Tasks/assignment.md	6.2	2-Tasks		Make a Bot talk back	student	markdown	72b86407c7d4a31ecbac7eda0dbfeecc4ce523c728eb5ea7a144503895f43d89	869	canonical-content
machine-learning	machine-learning	Machine Learning	Artificial Intelligence	Beginner	lesson	ml-for-beginners	6-NLP/2-Tasks/README.md	6.2	2-Tasks		Common natural language processing tasks and techniques	student	markdown	465a52569bc8df653897e5c09a91409fbdb82b6ed4c339bf2c7c12edebaa28a0	11998	canonical-content
machine-learning	machine-learning	Machine Learning	Artificial Intelligence	Beginner	assignment	ml-for-beginners	6-NLP/3-Translation-Sentiment/assignment.md	6.3	3-Translation-Sentiment		Poetic license	student	markdown	ded724cb59773a99d5aec3fe3994dd6024e11b6f480d329c35ddf60a73637c52	989	canonical-content
machine-learning	machine-learning	Machine Learning	Artificial Intelligence	Beginner	lesson	ml-for-beginners	6-NLP/3-Translation-Sentiment/README.md	6.3	3-Translation-Sentiment		Translation and sentiment analysis with ML	student	markdown	0ddb6de68fb3dc4a294f4d3008a866dbf893d9faed523dd2c8ba0572f48c63c9	14577	canonical-content
machine-learning	machine-learning	Machine Learning	Artificial Intelligence	Beginner	solution	ml-for-beginners	6-NLP/3-Translation-Sentiment/solution/Julia/README.md	6.3	Julia	Julia	README	support	markdown	35097c1f23f0d81419bdbd1395a8a235c7e307fff9748981330275e52c03485b	31	canonical-content
machine-learning	machine-learning	Machine Learning	Artificial Intelligence	Beginner	solution	ml-for-beginners	6-NLP/3-Translation-Sentiment/solution/R/README.md	6.3	R	R	README	support	markdown	3db41ac83a47b42725f779d66c8ca29add0365684ec1f499d70dd822e6adc8ef	31	canonical-content
machine-learning	machine-learning	Machine Learning	Artificial Intelligence	Beginner	assignment	ml-for-beginners	6-NLP/4-Hotel-Reviews-1/assignment.md	6.4	4-Hotel-Reviews-1		NLTK	student	markdown	67ff3cad542f2da230915a15fdb25556172b160b5d98a2937c76e6865cfee2c4	288	canonical-content
machine-learning	machine-learning	Machine Learning	Artificial Intelligence	Beginner	lesson	ml-for-beginners	6-NLP/4-Hotel-Reviews-1/README.md	6.4	4-Hotel-Reviews-1		Sentiment analysis with hotel reviews - processing the data	student	markdown	5c62ec7be2e80633bc09768ad05a0f87b695c8054176c3cfe17a00f19a05ed94	33226	canonical-content
machine-learning	machine-learning	Machine Learning	Artificial Intelligence	Beginner	solution	ml-for-beginners	6-NLP/4-Hotel-Reviews-1/solution/Julia/README.md	6.4	Julia	Julia	README	support	markdown	35097c1f23f0d81419bdbd1395a8a235c7e307fff9748981330275e52c03485b	31	canonical-content
machine-learning	machine-learning	Machine Learning	Artificial Intelligence	Beginner	solution	ml-for-beginners	6-NLP/4-Hotel-Reviews-1/solution/R/README.md	6.4	R	R	README	support	markdown	3db41ac83a47b42725f779d66c8ca29add0365684ec1f499d70dd822e6adc8ef	31	canonical-content
machine-learning	machine-learning	Machine Learning	Artificial Intelligence	Beginner	assignment	ml-for-beginners	6-NLP/5-Hotel-Reviews-2/assignment.md	6.5	5-Hotel-Reviews-2		Try a different dataset	student	markdown	23853e649b19e152cb94051af899a13c344f728090d34186cf7d9364c531e932	886	canonical-content
machine-learning	machine-learning	Machine Learning	Artificial Intelligence	Beginner	lesson	ml-for-beginners	6-NLP/5-Hotel-Reviews-2/README.md	6.5	5-Hotel-Reviews-2		Sentiment analysis with hotel reviews	student	markdown	aaa6552988a0dfef89f78ca753a322ce383149f5adcd8a921d568e82325c7cf2	21269	canonical-content
machine-learning	machine-learning	Machine Learning	Artificial Intelligence	Beginner	solution	ml-for-beginners	6-NLP/5-Hotel-Reviews-2/solution/Julia/README.md	6.5	Julia	Julia	README	support	markdown	35097c1f23f0d81419bdbd1395a8a235c7e307fff9748981330275e52c03485b	31	canonical-content
machine-learning	machine-learning	Machine Learning	Artificial Intelligence	Beginner	solution	ml-for-beginners	6-NLP/5-Hotel-Reviews-2/solution/R/README.md	6.5	R	R	README	support	markdown	3db41ac83a47b42725f779d66c8ca29add0365684ec1f499d70dd822e6adc8ef	31	canonical-content
machine-learning	machine-learning	Machine Learning	Artificial Intelligence	Beginner	lesson	ml-for-beginners	6-NLP/data/README.md	6	data		README	student	markdown	4b46b87127f9450ff9ef295ffaf711ed2380da9b8e326d4f6492b3dc9e723cd4	46	canonical-content
machine-learning	machine-learning	Machine Learning	Artificial Intelligence	Beginner	module	ml-for-beginners	6-NLP/README.md	6	6-NLP		Getting started with natural language processing	student	markdown	38515c07e5fa970215c7ab78acead496c7a5e4b3ee43efcdc11411633673f001	2314	canonical-content
machine-learning	machine-learning	Machine Learning	Artificial Intelligence	Beginner	assignment	ml-for-beginners	7-TimeSeries/1-Introduction/assignment.md	7.1	1-Introduction		Visualize some more Time Series	student	markdown	af3b5bbf8041ca173abd4cea3c1df50d299253af030c4438031c147927b0bafa	1295	canonical-content
machine-learning	machine-learning	Machine Learning	Artificial Intelligence	Beginner	lesson	ml-for-beginners	7-TimeSeries/1-Introduction/README.md	7.1	1-Introduction		Introduction to time series forecasting	student	markdown	9617d6089f2e7dfa5cd705281cd4b282940817e27a65d83ebcd4d23a461ea60c	11064	canonical-content
machine-learning	machine-learning	Machine Learning	Artificial Intelligence	Beginner	solution	ml-for-beginners	7-TimeSeries/1-Introduction/solution/Julia/README.md	7.1	Julia	Julia	README	support	markdown	35097c1f23f0d81419bdbd1395a8a235c7e307fff9748981330275e52c03485b	31	canonical-content
machine-learning	machine-learning	Machine Learning	Artificial Intelligence	Beginner	solution	ml-for-beginners	7-TimeSeries/1-Introduction/solution/R/README.md	7.1	R	R	README	support	markdown	3db41ac83a47b42725f779d66c8ca29add0365684ec1f499d70dd822e6adc8ef	31	canonical-content
machine-learning	machine-learning	Machine Learning	Artificial Intelligence	Beginner	assignment	ml-for-beginners	7-TimeSeries/2-ARIMA/assignment.md	7.2	2-ARIMA		A new ARIMA model	student	markdown	343b825e1f8dcf2d048e0014af2a94223ed3aa16b00c5834621b91cc06fde57a	997	canonical-content
machine-learning	machine-learning	Machine Learning	Artificial Intelligence	Beginner	lesson	ml-for-beginners	7-TimeSeries/2-ARIMA/README.md	7.2	2-ARIMA		Time series forecasting with ARIMA	student	markdown	67d290c2fe0ab28c5657ce2488f3cebb4502f23c414385cc95e7c18f62e7f9f8	17940	canonical-content
machine-learning	machine-learning	Machine Learning	Artificial Intelligence	Beginner	solution	ml-for-beginners	7-TimeSeries/2-ARIMA/solution/Julia/README.md	7.2	Julia	Julia	README	support	markdown	35097c1f23f0d81419bdbd1395a8a235c7e307fff9748981330275e52c03485b	31	canonical-content
machine-learning	machine-learning	Machine Learning	Artificial Intelligence	Beginner	solution	ml-for-beginners	7-TimeSeries/2-ARIMA/solution/R/README.md	7.2	R	R	README	support	markdown	3db41ac83a47b42725f779d66c8ca29add0365684ec1f499d70dd822e6adc8ef	31	canonical-content
machine-learning	machine-learning	Machine Learning	Artificial Intelligence	Beginner	assignment	ml-for-beginners	7-TimeSeries/3-SVR/assignment.md	7.3	3-SVR		A new SVR model	student	markdown	c10eb2d5afd7ebc20ce8f940aad7871544a030e65eca2393ce7fb9414c8a68cb	1179	canonical-content
machine-learning	machine-learning	Machine Learning	Artificial Intelligence	Beginner	lesson	ml-for-beginners	7-TimeSeries/3-SVR/README.md	7.3	3-SVR		Time Series Forecasting with Support Vector Regressor	student	markdown	68b1b2c42cc2c0114f2b75af6a3b3c5bac0a067c39ee15223ea2790e6a958e73	14080	canonical-content
machine-learning	machine-learning	Machine Learning	Artificial Intelligence	Beginner	module	ml-for-beginners	7-TimeSeries/README.md	7	7-TimeSeries		Introduction to time series forecasting	student	markdown	bbe2b076766ee0fec35b7cd1ea942cf716702f04820a2af326592b1b407283f9	1903	canonical-content
machine-learning	machine-learning	Machine Learning	Artificial Intelligence	Beginner	assignment	ml-for-beginners	8-Reinforcement/1-QLearning/assignment.md	8.1	1-QLearning		A More Realistic World	student	markdown	326cc3633a0aa3948e5905cc114bf204a6f6d42a1f08bdc11532d4a52cc92713	3463	canonical-content
machine-learning	machine-learning	Machine Learning	Artificial Intelligence	Beginner	lesson	ml-for-beginners	8-Reinforcement/1-QLearning/README.md	8.1	1-QLearning		Introduction to Reinforcement Learning and Q-Learning	student	markdown	b58d6bcaf88ae842e0a29769731d64cc3b3a373cda077337e0aed9352610c9c8	18709	canonical-content
machine-learning	machine-learning	Machine Learning	Artificial Intelligence	Beginner	solution	ml-for-beginners	8-Reinforcement/1-QLearning/solution/Julia/README.md	8.1	Julia	Julia	README	support	markdown	35097c1f23f0d81419bdbd1395a8a235c7e307fff9748981330275e52c03485b	31	canonical-content
machine-learning	machine-learning	Machine Learning	Artificial Intelligence	Beginner	solution	ml-for-beginners	8-Reinforcement/1-QLearning/solution/R/README.md	8.1	R	R	README	support	markdown	3db41ac83a47b42725f779d66c8ca29add0365684ec1f499d70dd822e6adc8ef	31	canonical-content
machine-learning	machine-learning	Machine Learning	Artificial Intelligence	Beginner	assignment	ml-for-beginners	8-Reinforcement/2-Gym/assignment.md	8.2	2-Gym		Train Mountain Car	student	markdown	bb9ea314be4fb4ec84990b6c3cd57dc2e4e7f5f62cf13f8cf40f90d841a86ef9	2619	canonical-content
machine-learning	machine-learning	Machine Learning	Artificial Intelligence	Beginner	lesson	ml-for-beginners	8-Reinforcement/2-Gym/README.md	8.2	2-Gym		CartPole Skating	student	markdown	a3d9a36dbfa1239142655f096ab882ce17a24d556380e4de0609cd218ee39c87	18482	canonical-content
machine-learning	machine-learning	Machine Learning	Artificial Intelligence	Beginner	solution	ml-for-beginners	8-Reinforcement/2-Gym/solution/Julia/README.md	8.2	Julia	Julia	README	support	markdown	35097c1f23f0d81419bdbd1395a8a235c7e307fff9748981330275e52c03485b	31	canonical-content
machine-learning	machine-learning	Machine Learning	Artificial Intelligence	Beginner	solution	ml-for-beginners	8-Reinforcement/2-Gym/solution/R/README.md	8.2	R	R	README	support	markdown	3db41ac83a47b42725f779d66c8ca29add0365684ec1f499d70dd822e6adc8ef	31	canonical-content
machine-learning	machine-learning	Machine Learning	Artificial Intelligence	Beginner	module	ml-for-beginners	8-Reinforcement/README.md	8	8-Reinforcement		Introduction to reinforcement learning	student	markdown	fdfde7ed5f1950ec622e53428304740fae49ef55ec5cd49c19849b2cf510d508	4340	canonical-content
machine-learning	machine-learning	Machine Learning	Artificial Intelligence	Beginner	assignment	ml-for-beginners	9-Real-World/1-Applications/assignment.md	9.1	1-Applications		A ML Scavenger Hunt	student	markdown	3e32cfd8dcca736eb7c49e8f1c261392e29b3f3cecd9c1ca8334bc1f29cfbd30	1248	canonical-content
machine-learning	machine-learning	Machine Learning	Artificial Intelligence	Beginner	lesson	ml-for-beginners	9-Real-World/1-Applications/README.md	9.1	1-Applications		Postscript: Machine learning in the real world	student	markdown	01e7d3a6a03bcfac5f9f98dcaee109af00f861ab8ebd01fdd7d5aebe9a6f1a79	13928	canonical-content
machine-learning	machine-learning	Machine Learning	Artificial Intelligence	Beginner	assignment	ml-for-beginners	9-Real-World/2-Debugging-ML-Models/assignment.md	9.2	2-Debugging-ML-Models		Explore Responsible AI (RAI) dashboard	student	markdown	f998150b0a8b00f16cd959125ab5c9db58bf2355ff38ac062a423154b9a3ed2f	934	canonical-content
machine-learning	machine-learning	Machine Learning	Artificial Intelligence	Beginner	lesson	ml-for-beginners	9-Real-World/2-Debugging-ML-Models/README.md	9.2	2-Debugging-ML-Models		Postscript: Model Debugging in Machine Learning using Responsible AI dashboard components	student	markdown	8e4b6cf3eb031cbeeb77b2aa6c27e5089423d904d683a27ca761d14b36b601fc	18104	canonical-content
machine-learning	machine-learning	Machine Learning	Artificial Intelligence	Beginner	module	ml-for-beginners	9-Real-World/README.md	9	9-Real-World		Postscript: Real world applications of classic machine learning	student	markdown	3ae201c854d486a247711e4f29eb60179cf0d3307d438935756416cb5b9aef13	1298	canonical-content
machine-learning	machine-learning	Machine Learning	Artificial Intelligence	Beginner	support	ml-for-beginners	for-teachers.md				for-teachers	support	markdown	56abcd56f01f5e8d829535fcf51455616e7bb74ac1a66a1d74600d562ce401aa	1821	canonical-content
machine-learning	machine-learning	Machine Learning	Artificial Intelligence	Beginner	course	ml-for-beginners	README.md				Machine Learning for Beginners - A Curriculum	student	markdown	9ba547bfc11370e232c30c959bf4dd31d7ba2cd17e80e19973a534c4dea117c5	31845	canonical-content
artificial-intelligence	artificial-intelligence	Artificial Intelligence	Artificial Intelligence	Beginner	support	ai-for-beginners	etc/Mindmap.md		etc		AI	support	markdown	5e336150239b449a5a9e80994639ed5a2b09ff7953a42a19a0d081c60ad87400	6080	canonical-content
artificial-intelligence	artificial-intelligence	Artificial Intelligence	Artificial Intelligence	Beginner	support	ai-for-beginners	etc/TRANSLATIONS.md		etc		Contribute by translating lessons	support	markdown	46b04370221d92eb90e6f5bd7eb46cc43eb836de18538bd7077bd26145828c82	1550	canonical-content
artificial-intelligence	artificial-intelligence	Artificial Intelligence	Artificial Intelligence	Beginner	example	ai-for-beginners	examples/README.md		examples		Beginner-Friendly AI Examples	student	markdown	d6b62bddd9412705c96d3bbf5e54d1c18addd08be29ee81894340cc2e9bc1b7e	3056	canonical-content
artificial-intelligence	artificial-intelligence	Artificial Intelligence	Artificial Intelligence	Beginner	support	ai-for-beginners	lessons/0-course-setup/for-teachers.md	0	0-course-setup		For Educators	support	markdown	58cb30ae82d8e555c7c1824ede32ccacbf6727aa307a69cb534a68302f0502c3	1704	canonical-content
artificial-intelligence	artificial-intelligence	Artificial Intelligence	Artificial Intelligence	Beginner	support	ai-for-beginners	lessons/0-course-setup/how-to-run.md	0	0-course-setup		How to Run the Code	support	markdown	987830c4f9757aa5f7f1e3ac3924c749ccea0f1e0269e556fbacea9fe0713062	6028	canonical-content
artificial-intelligence	artificial-intelligence	Artificial Intelligence	Artificial Intelligence	Beginner	support	ai-for-beginners	lessons/0-course-setup/setup.md	0	0-course-setup		Getting Started with this Curricula	support	markdown	4065b935eda6eb3167fe8d770639c6a2f8533b96d13fa448e55a0b210b8e3ea0	3601	canonical-content
artificial-intelligence	artificial-intelligence	Artificial Intelligence	Artificial Intelligence	Beginner	assignment	ai-for-beginners	lessons/1-Intro/assignment.md	1	1-Intro		Game Jam	student	markdown	0e7c24c736ce47b45c3565c81d99bcaacc93ff5dc52e9ffef0f0bf4dfeb1808d	472	canonical-content
artificial-intelligence	artificial-intelligence	Artificial Intelligence	Artificial Intelligence	Beginner	module	ai-for-beginners	lessons/1-Intro/README.md	1	1-Intro		Introduction to AI	student	markdown	2785c84250f5711880160a588f6b54a80e293080c14f4fb1b6aa4cd4a9a00fb2	16022	canonical-content
artificial-intelligence	artificial-intelligence	Artificial Intelligence	Artificial Intelligence	Beginner	assignment	ai-for-beginners	lessons/2-Symbolic/assignment.md	2	2-Symbolic		Build an Ontology	student	markdown	994b2c83c2d92edb9a37db6f3a8f0165b5358610b32076f75ac4bd28fe193a07	574	canonical-content
artificial-intelligence	artificial-intelligence	Artificial Intelligence	Artificial Intelligence	Beginner	module	ai-for-beginners	lessons/2-Symbolic/README.md	2	2-Symbolic		Knowledge Representation and Expert Systems	student	markdown	1b4275891605ce6f6d7d17ebf86afd150ea917c1d8df68cc8958a1edaee8d7f1	19270	canonical-content
artificial-intelligence	artificial-intelligence	Artificial Intelligence	Artificial Intelligence	Beginner	lab	ai-for-beginners	lessons/3-NeuralNetworks/03-Perceptron/lab/README.md	3.03	lab		Multi-Class Classification with Perceptron	student	markdown	66f5bb9585d655d435d4fdffe371115514cb8392fb33e685a1f98fa5f8a4b721	1041	canonical-content
artificial-intelligence	artificial-intelligence	Artificial Intelligence	Artificial Intelligence	Beginner	lesson	ai-for-beginners	lessons/3-NeuralNetworks/03-Perceptron/README.md	3.03	03-Perceptron		Introduction to Neural Networks: Perceptron	student	markdown	c611b69a120b68ec325ddbf1d85fdee9aef54dcd6ea044bf0635da2b2f9c771a	5341	canonical-content
artificial-intelligence	artificial-intelligence	Artificial Intelligence	Artificial Intelligence	Beginner	lab	ai-for-beginners	lessons/3-NeuralNetworks/04-OwnFramework/lab/README.md	3.04	lab		MNIST Classification with Our Own Framework	student	markdown	7214e092047716a6d1213dd0a9689d72796bc025fe03782dfb7d70f61234f29e	838	canonical-content
artificial-intelligence	artificial-intelligence	Artificial Intelligence	Artificial Intelligence	Beginner	lesson	ai-for-beginners	lessons/3-NeuralNetworks/04-OwnFramework/README.md	3.04	04-OwnFramework		Introduction to Neural Networks. Multi-Layered Perceptron	student	markdown	106d57e6e159a457fd7c11ac21c3046096d971422dfd75df3484e32f65de7155	5969	canonical-content
artificial-intelligence	artificial-intelligence	Artificial Intelligence	Artificial Intelligence	Beginner	lab	ai-for-beginners	lessons/3-NeuralNetworks/05-Frameworks/lab/README.md	3.05	lab		Classification with PyTorch/TensorFlow	student	markdown	50a9756753b72912ae1a6c364449bf3b2fb94f7e01084304690d05c6945a35d0	794	canonical-content
artificial-intelligence	artificial-intelligence	Artificial Intelligence	Artificial Intelligence	Beginner	lesson	ai-for-beginners	lessons/3-NeuralNetworks/05-Frameworks/README.md	3.05	05-Frameworks		Neural Network Frameworks	student	markdown	dee9642d50aaf6743b4f94e989276d3e2bee960a40cc166eac7625bd819b473e	8544	canonical-content
artificial-intelligence	artificial-intelligence	Artificial Intelligence	Artificial Intelligence	Beginner	module	ai-for-beginners	lessons/3-NeuralNetworks/README.md	3	3-NeuralNetworks		Introduction to Neural Networks	student	markdown	e57b7f9a155813963812022c1aaa49d7b5ef9355d5152ed56f605e7a090a6a74	3864	canonical-content
artificial-intelligence	artificial-intelligence	Artificial Intelligence	Artificial Intelligence	Beginner	lab	ai-for-beginners	lessons/4-ComputerVision/06-IntroCV/lab/README.md	4.06	lab		Detecting Movements using Optical Flow	student	markdown	56fa6817795fbe67a7ebaf187bf9f2c94980b1f5027526fd59336424b7fb3126	1045	canonical-content
artificial-intelligence	artificial-intelligence	Artificial Intelligence	Artificial Intelligence	Beginner	lesson	ai-for-beginners	lessons/4-ComputerVision/06-IntroCV/README.md	4.06	06-IntroCV		Introduction to Computer Vision	student	markdown	7b8ed77817f053248dc4e51cc5277b911e7aaf3adefd2b123840577e05595392	8443	canonical-content
artificial-intelligence	artificial-intelligence	Artificial Intelligence	Artificial Intelligence	Beginner	support	ai-for-beginners	lessons/4-ComputerVision/07-ConvNets/CNN_Architectures.md	4.07	07-ConvNets		Well-Known CNN Architectures	support	markdown	e366588048197e251e3fe02acb0544d806d699507afb055a997a3a8f4ecea6ac	4766	canonical-content
artificial-intelligence	artificial-intelligence	Artificial Intelligence	Artificial Intelligence	Beginner	lab	ai-for-beginners	lessons/4-ComputerVision/07-ConvNets/lab/README.md	4.07	lab		Classification of Pets Faces	student	markdown	e55eaa99a7163df17eb05852c691429567f8d70464a9b2e53f28f0ed7a12deff	1541	canonical-content
artificial-intelligence	artificial-intelligence	Artificial Intelligence	Artificial Intelligence	Beginner	lesson	ai-for-beginners	lessons/4-ComputerVision/07-ConvNets/README.md	4.07	07-ConvNets		Convolutional Neural Networks	student	markdown	555d77c9e282c1faacf1dcf407973b9f3998428349677a919e7c4ffe2ce385ac	4679	canonical-content
artificial-intelligence	artificial-intelligence	Artificial Intelligence	Artificial Intelligence	Beginner	lab	ai-for-beginners	lessons/4-ComputerVision/08-TransferLearning/lab/README.md	4.08	lab		Classification of Oxford Pets using Transfer Learning	student	markdown	969510f5c189f24bef06baac84df528b3454e20d7e3db3c2ed9099dcf7f07160	1260	canonical-content
artificial-intelligence	artificial-intelligence	Artificial Intelligence	Artificial Intelligence	Beginner	lesson	ai-for-beginners	lessons/4-ComputerVision/08-TransferLearning/README.md	4.08	08-TransferLearning		Pre-trained Networks and Transfer Learning	student	markdown	4f88a2172e64860e837dc65fe081e72eaf4ead3c5e79e0ea39a1a4e44fb5c9ed	6548	canonical-content
artificial-intelligence	artificial-intelligence	Artificial Intelligence	Artificial Intelligence	Beginner	support	ai-for-beginners	lessons/4-ComputerVision/08-TransferLearning/TrainingTricks.md	4.08	08-TransferLearning		Deep Learning Training Tricks	support	markdown	2fd4c79068140122b63fe71e39c8b78754c3b686f291f3e02d96b6f6b0e40ae0	9217	canonical-content
artificial-intelligence	artificial-intelligence	Artificial Intelligence	Artificial Intelligence	Beginner	lesson	ai-for-beginners	lessons/4-ComputerVision/09-Autoencoders/README.md	4.09	09-Autoencoders		Autoencoders	student	markdown	ea5bd68feb7af1408b80fcc42c5d1fa7fd99bafbca72c515a80d46272b2982d7	7479	canonical-content
artificial-intelligence	artificial-intelligence	Artificial Intelligence	Artificial Intelligence	Beginner	lesson	ai-for-beginners	lessons/4-ComputerVision/10-GANs/README.md	4.10	10-GANs		Generative Adversarial Networks	student	markdown	f71c1b050b3380503298a404233d8f9081e57cfcae30533b7bdeec24851810fe	7718	canonical-content
artificial-intelligence	artificial-intelligence	Artificial Intelligence	Artificial Intelligence	Beginner	lab	ai-for-beginners	lessons/4-ComputerVision/11-ObjectDetection/lab/README.md	4.11	lab		Head Detection using Hollywood Heads Dataset	student	markdown	c25e5b22845c307adebe8d249d2afcc3ce5a07eb884719c714dc6f5fa99e9910	3125	canonical-content
artificial-intelligence	artificial-intelligence	Artificial Intelligence	Artificial Intelligence	Beginner	lesson	ai-for-beginners	lessons/4-ComputerVision/11-ObjectDetection/README.md	4.11	11-ObjectDetection		Object Detection	student	markdown	c73fc794f788b2b42306a126640ff794fdc105e34a9fda423921bb3993355eb5	9902	canonical-content
artificial-intelligence	artificial-intelligence	Artificial Intelligence	Artificial Intelligence	Beginner	lab	ai-for-beginners	lessons/4-ComputerVision/12-Segmentation/lab/README.md	4.12	lab		Human Body Segmentation	student	markdown	c0c361e2bb87eb734424cc859eabe68baf278593e4c546fea000cb6e1f41c8a0	1124	canonical-content
artificial-intelligence	artificial-intelligence	Artificial Intelligence	Artificial Intelligence	Beginner	lesson	ai-for-beginners	lessons/4-ComputerVision/12-Segmentation/README.md	4.12	12-Segmentation		Segmentation	student	markdown	f8395262d25c9f781bfdcefed99ff6cc6c806b79919496aa2d772c98a35a9558	4669	canonical-content
artificial-intelligence	artificial-intelligence	Artificial Intelligence	Artificial Intelligence	Beginner	module	ai-for-beginners	lessons/4-ComputerVision/README.md	4	4-ComputerVision		Computer Vision	student	markdown	6bc1de006fe94f77333ec7d37b839c03b600ba69439a2b7d83705d0d3fb58839	546	canonical-content
artificial-intelligence	artificial-intelligence	Artificial Intelligence	Artificial Intelligence	Beginner	assignment	ai-for-beginners	lessons/5-NLP/13-TextRep/assignment.md	5.13	13-TextRep		Assignment: Notebooks	student	markdown	a70245b4950ba1437039effbfac5c298a712fec1cc00b366422fe0770b2606f7	418	canonical-content
artificial-intelligence	artificial-intelligence	Artificial Intelligence	Artificial Intelligence	Beginner	lesson	ai-for-beginners	lessons/5-NLP/13-TextRep/README.md	5.13	13-TextRep		Representing Text as Tensors	student	markdown	7592c411c6122720dae5962677f7e29c2713b940ce6a10bb8a5a88f62d488204	6388	canonical-content
artificial-intelligence	artificial-intelligence	Artificial Intelligence	Artificial Intelligence	Beginner	assignment	ai-for-beginners	lessons/5-NLP/14-Embeddings/assignment.md	5.14	14-Embeddings		Assignment: Notebooks	student	markdown	447bb2898917f067c3c54eacf64edbb7539f429abfb1e2b8c3e3230d08a68be7	415	canonical-content
artificial-intelligence	artificial-intelligence	Artificial Intelligence	Artificial Intelligence	Beginner	lesson	ai-for-beginners	lessons/5-NLP/14-Embeddings/README.md	5.14	14-Embeddings		Embeddings	student	markdown	2aa21f4cc0b0af15b5d77b10f65886c2a5fc7b838e6db3d459241ea970fb37b7	5630	canonical-content
artificial-intelligence	artificial-intelligence	Artificial Intelligence	Artificial Intelligence	Beginner	lab	ai-for-beginners	lessons/5-NLP/15-LanguageModeling/lab/README.md	5.15	lab		Training Skip-Gram Model	student	markdown	e08ce10af48962ab0228a1400bd7e9f438528702d2bbadc4a90f7342e1fbff33	1373	canonical-content
artificial-intelligence	artificial-intelligence	Artificial Intelligence	Artificial Intelligence	Beginner	lesson	ai-for-beginners	lessons/5-NLP/15-LanguageModeling/README.md	5.15	15-LanguageModeling		Language Modeling	student	markdown	4c512117238eda47316e3781de3d3f364f4870fc8ece09c26721f2afb180a28d	2718	canonical-content
artificial-intelligence	artificial-intelligence	Artificial Intelligence	Artificial Intelligence	Beginner	assignment	ai-for-beginners	lessons/5-NLP/16-RNN/assignment.md	5.16	16-RNN		Assignment: Notebooks	student	markdown	2894790f1db4d8369549ab190d0aa653a9010c1ed721f5f7e70e1d09feaa3e0d	476	canonical-content
artificial-intelligence	artificial-intelligence	Artificial Intelligence	Artificial Intelligence	Beginner	lesson	ai-for-beginners	lessons/5-NLP/16-RNN/README.md	5.16	16-RNN		Recurrent Neural Networks	student	markdown	8d54a5c2b7fd4bbb4fd1ca69a82fbc102143b78bdae198439fed7bf9bb190c30	7776	canonical-content
artificial-intelligence	artificial-intelligence	Artificial Intelligence	Artificial Intelligence	Beginner	lab	ai-for-beginners	lessons/5-NLP/17-GenerativeNetworks/lab/README.md	5.17	lab		Word-level Text Generation using RNNs	student	markdown	27ef6a4b667e1196bd993bcf8e7e6b1e6c0a71faf0f6cc34a5ddc385fd48c678	522	canonical-content
artificial-intelligence	artificial-intelligence	Artificial Intelligence	Artificial Intelligence	Beginner	lesson	ai-for-beginners	lessons/5-NLP/17-GenerativeNetworks/README.md	5.17	17-GenerativeNetworks		Generative networks	student	markdown	b4a993d8d2f8fb286c417e3a5047784c1dc3f30911ae5514473e64af17b4003a	6287	canonical-content
artificial-intelligence	artificial-intelligence	Artificial Intelligence	Artificial Intelligence	Beginner	assignment	ai-for-beginners	lessons/5-NLP/18-Transformers/assignment.md	5.18	18-Transformers		Assignment: Transformers	student	markdown	6a93aefaf5b469fc345e4016e2912fa8d1165bf141c1739278e339670c734082	397	canonical-content
artificial-intelligence	artificial-intelligence	Artificial Intelligence	Artificial Intelligence	Beginner	lesson	ai-for-beginners	lessons/5-NLP/18-Transformers/README.md	5.18	18-Transformers		Attention Mechanisms and Transformers	student	markdown	b54f9d597b4c233bafa1209a477c6b8826843a7dceb307c6de4437785636293b	8411	canonical-content
artificial-intelligence	artificial-intelligence	Artificial Intelligence	Artificial Intelligence	Beginner	lab	ai-for-beginners	lessons/5-NLP/19-NER/lab/README.md	5.19	lab		NER	student	markdown	de73b9004a8b5bc36d0e91b8e6810a4995622f61114e07122010fd3151ea11d1	4240	canonical-content
artificial-intelligence	artificial-intelligence	Artificial Intelligence	Artificial Intelligence	Beginner	lesson	ai-for-beginners	lessons/5-NLP/19-NER/README.md	5.19	19-NER		Named Entity Recognition	student	markdown	d97f633a610e74034322d868480a6f832a76cd0f2bf1b7fd262453867e3a26b3	5044	canonical-content
artificial-intelligence	artificial-intelligence	Artificial Intelligence	Artificial Intelligence	Beginner	lesson	ai-for-beginners	lessons/5-NLP/20-LangModels/README.md	5.20	20-LangModels		Pre-Trained Large Language Models	student	markdown	4cec6d502d3a31f80bd300733a0e2a0cd8602cfc530681a907d6426f5949955b	5214	canonical-content
artificial-intelligence	artificial-intelligence	Artificial Intelligence	Artificial Intelligence	Beginner	module	ai-for-beginners	lessons/5-NLP/README.md	5	5-NLP		Natural Language Processing	student	markdown	c3f4ee5bdf0b81538595b02c9a7bd83c9faf061aeb27d8861ecd06c23881c7d0	6621	canonical-content
artificial-intelligence	artificial-intelligence	Artificial Intelligence	Artificial Intelligence	Beginner	lesson	ai-for-beginners	lessons/6-Other/21-GeneticAlgorithms/README.md	6.21	21-GeneticAlgorithms		Genetic Algorithms	student	markdown	6e0e5df10421ce117d4857fca8fb0cd36899817f21d18facbfc32088d7e724a2	3985	canonical-content
artificial-intelligence	artificial-intelligence	Artificial Intelligence	Artificial Intelligence	Beginner	lab	ai-for-beginners	lessons/6-Other/22-DeepRL/lab/README.md	6.22	lab		Training Mountain Car to Escape	student	markdown	a63b5052e3dd720569e44729cae1dece6fa269f7718196fbd801996df7dbd451	1147	canonical-content
artificial-intelligence	artificial-intelligence	Artificial Intelligence	Artificial Intelligence	Beginner	lesson	ai-for-beginners	lessons/6-Other/22-DeepRL/README.md	6.22	22-DeepRL		Deep Reinforcement Learning	student	markdown	907433d4615b2ae1414f73c5468fc904715fcaaf3c0dcd9da5ee9e34a179ebbe	8378	canonical-content
artificial-intelligence	artificial-intelligence	Artificial Intelligence	Artificial Intelligence	Beginner	assignment	ai-for-beginners	lessons/6-Other/23-MultiagentSystems/assignment.md	6.23	23-MultiagentSystems		NetLogo Assignment	student	markdown	702d3b26cb5818bb187a26223acf882a295dd068f76fb10ccd440238838d8b1e	470	canonical-content
artificial-intelligence	artificial-intelligence	Artificial Intelligence	Artificial Intelligence	Beginner	lesson	ai-for-beginners	lessons/6-Other/23-MultiagentSystems/README.md	6.23	23-MultiagentSystems		Multi-Agent Systems	student	markdown	6da359e7186418cf93e09d7dbc11ced33fa60e8ed66bc3d293a83f5bb63db9e5	12638	canonical-content
artificial-intelligence	artificial-intelligence	Artificial Intelligence	Artificial Intelligence	Beginner	module	ai-for-beginners	lessons/7-Ethics/README.md	7	7-Ethics		Ethical and Responsible AI	student	markdown	7054d55f9955c06e3be5f6c1204b007e11837f05195fbd779df6b4239d526c0b	4393	canonical-content
artificial-intelligence	artificial-intelligence	Artificial Intelligence	Artificial Intelligence	Beginner	module	ai-for-beginners	lessons/README.md		lessons		Overview	student	markdown	8a79be2b2017db2f04d4ac82fb3fb027bf1a510209cc3c48c7352884e1386097	129	canonical-content
artificial-intelligence	artificial-intelligence	Artificial Intelligence	Artificial Intelligence	Beginner	lesson	ai-for-beginners	lessons/X-Extras/X1-MultiModal/README.md		X1-MultiModal		Multi-Modal Networks	student	markdown	520290b0f5fd1604cb685a36286b542599d3f52da62056120b1b22fe39a744ef	6734	canonical-content
artificial-intelligence	artificial-intelligence	Artificial Intelligence	Artificial Intelligence	Beginner	course	ai-for-beginners	README.md				Artificial Intelligence for Beginners - A Curriculum	student	markdown	40fbad0f74adf8b43ca581a5921921673c8cf215705af01fb4a7142527698c3f	29097	canonical-content
generative-ai	generative-ai	Generative AI	Artificial Intelligence	Beginner	support	generative-ai-for-beginners	00-course-setup/01-setup-cloud.md	00.01	00-course-setup		Cloud Setup ☁️ – GitHub Codespaces	support	markdown	95a61be5a4f73274f628ed1766734a10049ab877b9d3abe2336b802bcc253d0b	1549	canonical-content
generative-ai	generative-ai	Generative AI	Artificial Intelligence	Beginner	support	generative-ai-for-beginners	00-course-setup/02-setup-local.md	00.02	00-course-setup		Local Setup 🖥️	support	markdown	710ab2f251eab4e98c4d798ecd9930aabc8a0e1bb6232fd39d071318f938944f	9421	canonical-content
generative-ai	generative-ai	Generative AI	Artificial Intelligence	Beginner	support	generative-ai-for-beginners	00-course-setup/03-providers.md	00.03	00-course-setup		Choosing & Configuring an LLM Provider 🔑	support	markdown	e2d3c813c82a0794281bdb2b0d742dfc4d459b05538aa5cd1bd0735f8fe65fd6	12573	canonical-content
generative-ai	generative-ai	Generative AI	Artificial Intelligence	Beginner	module	generative-ai-for-beginners	00-course-setup/README.md	00	00-course-setup		Getting Started with this course	student	markdown	8411ab811507441a46eddc0f685c09ad8993a6ed0c414297d5a11ee90ed1d1fb	13844	canonical-content
generative-ai	generative-ai	Generative AI	Artificial Intelligence	Beginner	module	generative-ai-for-beginners	01-introduction-to-genai/README.md	01	01-introduction-to-genai		Introduction to Generative AI and Large Language Models	student	markdown	68240a1d0bc5ab385805e517d9a4457193b33e3aab7b8d2fc81c03aba122cb54	13781	canonical-content
generative-ai	generative-ai	Generative AI	Artificial Intelligence	Beginner	module	generative-ai-for-beginners	02-exploring-and-comparing-different-llms/README.md	02	02-exploring-and-comparing-different-llms		Exploring and comparing different LLMs	student	markdown	da657ec961369b3fe3bd7370eef9c8d39cf47cf4335781ce699612b87ceff3ba	21159	canonical-content
generative-ai	generative-ai	Generative AI	Artificial Intelligence	Beginner	module	generative-ai-for-beginners	03-using-generative-ai-responsibly/README.md	03	03-using-generative-ai-responsibly		Using Generative AI Responsibly	student	markdown	e4c9597c5dc464fedbd4365e96089c4d98a384da25f3d7695220ef5662747798	10147	canonical-content
generative-ai	generative-ai	Generative AI	Artificial Intelligence	Beginner	module	generative-ai-for-beginners	04-prompt-engineering-fundamentals/README.md	04	04-prompt-engineering-fundamentals		Prompt Engineering Fundamentals	student	markdown	f1fc20b1ff6b4fd2413b9602210dbe4b5e4800c73010e580b0a2ac7f3c4ead0d	43868	canonical-content
generative-ai	generative-ai	Generative AI	Artificial Intelligence	Beginner	module	generative-ai-for-beginners	05-advanced-prompts/README.md	05	05-advanced-prompts		Creating Advanced prompts	student	markdown	7cc83fd59e6f0457327b2470f9405776bdcab329f464adf3bec2b41e1e28bb38	22973	canonical-content
generative-ai	generative-ai	Generative AI	Artificial Intelligence	Beginner	module	generative-ai-for-beginners	06-text-generation-apps/README.md	06	06-text-generation-apps		Building Text Generation Applications	student	markdown	734e5343cff3df9ef4d51d51c278ad0eb6e437fc96cd23e53b92ccfc6134ce31	28735	canonical-content
generative-ai	generative-ai	Generative AI	Artificial Intelligence	Beginner	module	generative-ai-for-beginners	07-building-chat-applications/README.md	07	07-building-chat-applications		Building Generative AI-Powered Chat Applications	student	markdown	2f3635ac5e7d43d1bf9a34658805c12e7cdd66c4de33dd128ebc372448b1d76b	19184	canonical-content
generative-ai	generative-ai	Generative AI	Artificial Intelligence	Beginner	module	generative-ai-for-beginners	08-building-search-applications/README.md	08	08-building-search-applications		Building a Search Applications	student	markdown	588cd0b332c264250ef8564e3e9e3749967567858ba855143328c7a1e4fbb81f	12333	canonical-content
generative-ai	generative-ai	Generative AI	Artificial Intelligence	Beginner	module	generative-ai-for-beginners	08-building-search-applications/scripts/README.md	08	scripts		Transcription data prep	student	markdown	9ffe058e5935c34a75d51a1e62d5a4286463a2a8a15aebd31d2b59907e7c14ae	5062	canonical-content
generative-ai	generative-ai	Generative AI	Artificial Intelligence	Beginner	module	generative-ai-for-beginners	09-building-image-applications/README.md	09	09-building-image-applications		Building Image Generation Applications	student	markdown	83ba018187a18de38ef8a17cbef14d2a4b3b56c8bd28c67cc115cba97193b48a	8789	canonical-content
generative-ai	generative-ai	Generative AI	Artificial Intelligence	Beginner	assignment	generative-ai-for-beginners	10-building-low-code-ai-applications/assignment.md	10	10-building-low-code-ai-applications		assignment	student	markdown	e3b0c44298fc1c149afbf4c8996fb92427ae41e4649b934ca495991b7852b855	0	canonical-content
generative-ai	generative-ai	Generative AI	Artificial Intelligence	Beginner	module	generative-ai-for-beginners	10-building-low-code-ai-applications/README.md	10	10-building-low-code-ai-applications		Building Low Code AI Applications	student	markdown	484db89dc478ee1ac9b7eabb25c031a18bb7af597fa7ccc70ccf491f02c2e61e	27743	canonical-content
generative-ai	generative-ai	Generative AI	Artificial Intelligence	Beginner	module	generative-ai-for-beginners	11-integrating-with-function-calling/README.md	11	11-integrating-with-function-calling		Integrating with function calling	student	markdown	5a8ddafc5c268cfdc974f43cfe717150670a69ec85aed1b2eacbe96388beef34	21724	canonical-content
generative-ai	generative-ai	Generative AI	Artificial Intelligence	Beginner	module	generative-ai-for-beginners	12-designing-ux-for-ai-applications/README.md	12	12-designing-ux-for-ai-applications		Designing UX for AI Applications	student	markdown	2a2af4272a7ebfd3c77eb8ec4f1fd82edf4e6d58f9ed40fc2cfbd217ed70cb34	10550	canonical-content
generative-ai	generative-ai	Generative AI	Artificial Intelligence	Beginner	module	generative-ai-for-beginners	13-securing-ai-applications/README.md	13	13-securing-ai-applications		Securing Your Generative AI Applications	student	markdown	9f7da98dd0a5e95dd7dac562974c0a32617be0704c47e263939131d3fa17136d	18869	canonical-content
generative-ai	generative-ai	Generative AI	Artificial Intelligence	Beginner	module	generative-ai-for-beginners	14-the-generative-ai-application-lifecycle/README.md	14	14-the-generative-ai-application-lifecycle		The Generative AI Application Lifecycle	student	markdown	ee137e007af6a56602030fe105cf1431ce362ef56a056edc0d6233c11060438b	6553	canonical-content
generative-ai	generative-ai	Generative AI	Artificial Intelligence	Beginner	support	generative-ai-for-beginners	15-rag-and-vector-databases/data/frameworks.md	15	data		Neural Network Frameworks	support	markdown	46375b3c1cffefe44040537c9588b56156eb79ca3e125a3774e9ede58471932d	7659	canonical-content
generative-ai	generative-ai	Generative AI	Artificial Intelligence	Beginner	support	generative-ai-for-beginners	15-rag-and-vector-databases/data/own_framework.md	15	data		Introduction to Neural Networks. Multi-Layered Perceptron	support	markdown	5b6befa92f4c32e986022477e02bf7dac03b68fc8356de5438a73118c9e262a7	5646	canonical-content
generative-ai	generative-ai	Generative AI	Artificial Intelligence	Beginner	support	generative-ai-for-beginners	15-rag-and-vector-databases/data/perceptron.md	15	data		Introduction to Neural Networks: Perceptron	support	markdown	92fef6c20896c4916e58310b93fbe71d063bbfe7e2ee1c015195189c76959842	4249	canonical-content
generative-ai	generative-ai	Generative AI	Artificial Intelligence	Beginner	module	generative-ai-for-beginners	15-rag-and-vector-databases/README.md	15	15-rag-and-vector-databases		Retrieval Augmented Generation (RAG) and Vector Databases	student	markdown	d1ba42405de1e416ddc4520292fb45b955629e48d75c26431a340271a42f1f74	14450	canonical-content
generative-ai	generative-ai	Generative AI	Artificial Intelligence	Beginner	module	generative-ai-for-beginners	16-open-source-models/README.md	16	16-open-source-models		README	student	markdown	29a819810d9ea3cb89594b15e074ecd91436aaafdf2f1bd331e950fefad0affc	7358	canonical-content
generative-ai	generative-ai	Generative AI	Artificial Intelligence	Beginner	module	generative-ai-for-beginners	17-ai-agents/README.md	17	17-ai-agents		Run agents in sequence, passing the conversation context along the chain	student	markdown	8cb195829f11c925c146c40ae21fa1f6e2a4c5bf37b0daea51c063bff68991d3	13740	canonical-content
generative-ai	generative-ai	Generative AI	Artificial Intelligence	Beginner	module	generative-ai-for-beginners	18-fine-tuning/README.md	18	18-fine-tuning		Fine-Tuning Your LLM	student	markdown	d7d3a7b732559425be50497e2d0e02b2a1cf16c94773d4c2f0455a4624a6939f	18619	canonical-content
generative-ai	generative-ai	Generative AI	Artificial Intelligence	Beginner	support	generative-ai-for-beginners	18-fine-tuning/RESOURCES.md	18	18-fine-tuning		Resources For Self-Guided Learning	support	markdown	fee885544c38e925deea511e01f8d060306d44e365d7b0adf72e1c10bc81cf7f	6908	canonical-content
generative-ai	generative-ai	Generative AI	Artificial Intelligence	Beginner	module	generative-ai-for-beginners	19-slm/README.md	19	19-slm		Introduction to Small Language Models for Generative AI for Beginners	student	markdown	445ba70cb43a1fb316005dc1ff18e17cbddd9f7574faeefb79a168663ccf983f	22733	canonical-content
generative-ai	generative-ai	Generative AI	Artificial Intelligence	Beginner	module	generative-ai-for-beginners	20-mistral/README.md	20	20-mistral		Building with Mistral Models	student	markdown	8e1b8e5c6f559029df3740241200eebd9f0b8704a79bdc59b33308150448ab6f	11818	canonical-content
generative-ai	generative-ai	Generative AI	Artificial Intelligence	Beginner	module	generative-ai-for-beginners	21-meta/README.md	21	21-meta		Building With the Meta Family Models	student	markdown	a114d3c6de321852d299a7869c5b829718d997719376b73d5188aa1bcec47c45	6123	canonical-content
generative-ai	generative-ai	Generative AI	Artificial Intelligence	Beginner	course	generative-ai-for-beginners	README.md				Generative AI for Beginners (Version 3) - A Course	student	markdown	a57045087a78daa833312fe2f4f404427985d89457d86eabeb69722df010d109	24618	canonical-content
cybersecurity	cybersecurity	Cybersecurity	Cybersecurity	Beginner	lesson	security-101	1.1 The CIA triad and other key concepts.md	1			The CIA triad and other key concepts	student	markdown	f526c7513f6e3d757787e447dc9b8bee9909b6eeed45bb3133bb8a97b640943d	3637	canonical-content
cybersecurity	cybersecurity	Cybersecurity	Cybersecurity	Beginner	lesson	security-101	1.2 Common cybersecurity threats.md	1			Common cybersecurity threats	student	markdown	ea2a71d6d5eceb21428df32287088c98c6ce3016d73deba8bd051fd3a8910f75	9955	canonical-content
cybersecurity	cybersecurity	Cybersecurity	Cybersecurity	Beginner	lesson	security-101	1.3 Understanding risk management.md	1			Understanding risk management	student	markdown	05221c17cc0b27be4275797a614b8519896261b12041321183999ab717526328	10426	canonical-content
cybersecurity	cybersecurity	Cybersecurity	Cybersecurity	Beginner	lesson	security-101	1.4 Security practices and documentation.md	1			Security practices and documentation	student	markdown	7ed9ae8977f998aedfa4bfda87f55636bef97a47d40489cdff787cf3633341ab	4966	canonical-content
cybersecurity	cybersecurity	Cybersecurity	Cybersecurity	Beginner	lesson	security-101	1.5 Zero trust.md	1			Zero Trust	student	markdown	542e3c5f3041e55478292143258994225e1cbcecdc33c2056400a58848fa1cf7	4889	canonical-content
cybersecurity	cybersecurity	Cybersecurity	Cybersecurity	Beginner	lesson	security-101	1.6 Shared responsibility model.md	1			The shared responsibility model	student	markdown	ecd33ea29538a0af5007c791119417a99f345403175ce57171980da6401d1803	5821	canonical-content
cybersecurity	cybersecurity	Cybersecurity	Cybersecurity	Beginner	quiz	security-101	1.7 End of module quiz.md	1			End of module quiz	student	markdown	a2d0ff7053c87517f5751b5d48b175422f5299b7d23ebc4312dd7c81f577c134	86	canonical-content
cybersecurity	cybersecurity	Cybersecurity	Cybersecurity	Beginner	lesson	security-101	2.1 IAM key concepts.md	2			IAM key concepts	student	markdown	7b1a506d532f59625cf5febf48897085fa1925c87618ff8442944239b25af56c	7027	canonical-content
cybersecurity	cybersecurity	Cybersecurity	Cybersecurity	Beginner	lesson	security-101	2.2 IAM zero trust architecture.md	2			IAM zero trust architecture	student	markdown	1569de743a48b9ba8bbdce188a51988807c2125f5bff13d6162a2dad9d146b30	6131	canonical-content
cybersecurity	cybersecurity	Cybersecurity	Cybersecurity	Beginner	lesson	security-101	2.3 IAM capabilities.md	2			IAM Capabilites	student	markdown	8aef4bfb8affa54877bb8da1ecc22415310e31e2f749bc21118707dcf074488e	5384	canonical-content
cybersecurity	cybersecurity	Cybersecurity	Cybersecurity	Beginner	quiz	security-101	2.4 End of module quiz.md	2			End of module quiz	student	markdown	f710cb6315568753851b02e621ed743dd1fc409c5e7d3e5d397391bb70ee3eb6	85	canonical-content
cybersecurity	cybersecurity	Cybersecurity	Cybersecurity	Beginner	lesson	security-101	3.1 Networking key concepts.md	3			Networking key concepts	student	markdown	2690e6d523db3ebebbfadf39c9c5f8a44b34081c37122eeda57010e134bdb9d3	6794	canonical-content
cybersecurity	cybersecurity	Cybersecurity	Cybersecurity	Beginner	lesson	security-101	3.2 Networking zero trust architecture.md	3			Networking zero trust architectures	student	markdown	82fcab737716d136c00e5b48efb4e7d78fdff7ef901540705a0a7fa2a81a7f38	7003	canonical-content
cybersecurity	cybersecurity	Cybersecurity	Cybersecurity	Beginner	lesson	security-101	3.3 Network security capabilities.md	3			Network security capabilities	student	markdown	e5cb364c3219a87f24b40aba8626e5f5a3af6b087985d1d14a83f47d7ca025f7	4950	canonical-content
cybersecurity	cybersecurity	Cybersecurity	Cybersecurity	Beginner	quiz	security-101	3.4 End of module quiz.md	3			End of module quiz	student	markdown	0a5ee258d8721a67642819e1cc421d8000a3c0a22c0f88212e310223477e4f1f	85	canonical-content
cybersecurity	cybersecurity	Cybersecurity	Cybersecurity	Beginner	lesson	security-101	4.1 SecOps key concepts.md	4			Security operations key concepts	student	markdown	0da51bcc0d02f98cb8c370bbac3afaebca64a1495765c319a1b02549e92b8bce	4581	canonical-content
cybersecurity	cybersecurity	Cybersecurity	Cybersecurity	Beginner	lesson	security-101	4.2 SecOps zero trust architecture.md	4			SecOps zero trust architecture	student	markdown	ed3296836fb83983f646b2ccc485314f705f274bf98d3b89b1debb0a21e09b92	4246	canonical-content
cybersecurity	cybersecurity	Cybersecurity	Cybersecurity	Beginner	lesson	security-101	4.3 SecOps capabilities.md	4			SecOps capabilities	student	markdown	0e4ffabb765b226ca6464879b5c01e813ca0f79007a24754ff0364f080b00b3e	6691	canonical-content
cybersecurity	cybersecurity	Cybersecurity	Cybersecurity	Beginner	quiz	security-101	4.4 End of module quiz.md	4			End of module quiz	student	markdown	a8ad0f14ac4d66fa0e779ec2ab385fbfa7f6fc325671cc00154f3c9f07eb78dc	87	canonical-content
cybersecurity	cybersecurity	Cybersecurity	Cybersecurity	Beginner	lesson	security-101	5.1 AppSec key concepts.md	5			AppSec key concepts	student	markdown	122c2e8efbe8fa640b5e6faf92eabb435ae0f6a646bc7293aaa147f529911da7	3465	canonical-content
cybersecurity	cybersecurity	Cybersecurity	Cybersecurity	Beginner	lesson	security-101	5.2 AppSec key capabilities.md	5			5.2 AppSec key capabilities	student	markdown	c172241ce56578f52788016ba415a41aff54ec5e7850233f092af8cbb9c5664d	4532	canonical-content
cybersecurity	cybersecurity	Cybersecurity	Cybersecurity	Beginner	quiz	security-101	5.3 End of module quiz.md	5			End of module quiz	student	markdown	7dc8c63388356e51367835c2e0c5e60154dff63d4c765b02f458c23a3f6c7b63	86	canonical-content
cybersecurity	cybersecurity	Cybersecurity	Cybersecurity	Beginner	lesson	security-101	6.1 Infrastructure security key concepts.md	6			Infrastructure security key concepts	student	markdown	cbd49ed6f7f3d0e820ae56703fa2aa64af391128434f9bca11e8d1614b877872	8327	canonical-content
cybersecurity	cybersecurity	Cybersecurity	Cybersecurity	Beginner	lesson	security-101	6.2 Infrastructure security capabilities.md	6			Infrastructure security capabilities	student	markdown	1f855a481c1c48047f167ab1c88a4353d7567fb943df0553bfb99ff50e6fe798	5836	canonical-content
cybersecurity	cybersecurity	Cybersecurity	Cybersecurity	Beginner	quiz	security-101	6.3 End of module quiz.md	6			End of module quiz	student	markdown	9ea0e42d2ce47dddd4ac4bae78726e2b1869cec6ed46588eb413f8093b1d1999	87	canonical-content
cybersecurity	cybersecurity	Cybersecurity	Cybersecurity	Beginner	lesson	security-101	7.1 Data security key concepts.md	7			Data security key concepts	student	markdown	f4963e4dddc9a21e77a3ef05200fb942ff9715151b789916cd40259e9931c29c	6061	canonical-content
cybersecurity	cybersecurity	Cybersecurity	Cybersecurity	Beginner	lesson	security-101	7.2 Data security capabilities.md	7			Data security capabilities	student	markdown	cac4e706fd8c53a6f3d53d490be5789fe61045bd87e33801bc14b0d56c4d90c7	3395	canonical-content
cybersecurity	cybersecurity	Cybersecurity	Cybersecurity	Beginner	quiz	security-101	7.3 End of module quiz.md	7			End of module quiz	student	markdown	6e267bcbd5437e291ec5e2c5716d293b89198108501c1f46ba58bd54d8a46872	87	canonical-content
cybersecurity	cybersecurity	Cybersecurity	Cybersecurity	Beginner	lesson	security-101	8.1 AI security key concepts.md	8			AI security key concepts	student	markdown	bff49cde0eac267d949d40ae38e725b63a1f80eefe057640acaabf9659a81236	5974	canonical-content
cybersecurity	cybersecurity	Cybersecurity	Cybersecurity	Beginner	lesson	security-101	8.2 AI security capabilities.md	8			AI security capabilities	student	markdown	2d5218bddb2d88e91892a52d65f0cbd91a147cd0041ad7e78cfec5fdfedf3203	3445	canonical-content
cybersecurity	cybersecurity	Cybersecurity	Cybersecurity	Beginner	lesson	security-101	8.3 Responsible AI.md	8			Responsible AI	student	markdown	fd38f689cbce2f1ca5a223f1fc246cb0fbaeb9165b9795ae3195ec528a301323	5707	canonical-content
cybersecurity	cybersecurity	Cybersecurity	Cybersecurity	Beginner	quiz	security-101	8.4 End of module quiz.md	8			End of module quiz	student	markdown	908691d58e1740759bdf839a1f1a173a5fcd2194bed784dc0446b1d65c487ec3	87	canonical-content
cybersecurity	cybersecurity	Cybersecurity	Cybersecurity	Beginner	course	security-101	README.md				🚀 Cybersecurity for Beginners – a curriculum	student	markdown	c5f8bb7b9507e2fd51349d1ce6ae22d3c4f061653799c5ea77a1d0050a55aecf	20746	canonical-content
